id	作者	题目	问题	详情	建议
全唐诗/poet.song.0.json#3	幸夤遜	雪	唐宋重复收录	与 全唐诗/poet.tang.56000.json#252 作者、正文完全相同	确认归属朝代后删除其中一条
全唐诗/poet.song.0.json#10	幸夤遜	句  其六	唐宋重复收录	与 全唐诗/poet.tang.56000.json#255 作者、正文完全相同	确认归属朝代后删除其中一条
全唐诗/poet.song.0.json#11	幸夤遜	句  其七	唐宋重复收录	与 全唐诗/poet.tang.56000.json#253 作者、正文完全相同	确认归属朝代后删除其中一条
全唐诗/poet.song.0.json#12	幸夤遜	句  其八	唐宋重复收录	与 全唐诗/poet.tang.56000.json#254 作者、正文完全相同	确认归属朝代后删除其中一条
全唐诗/poet.song.0.json#14	朱存	金陵覽古 石頭城	唐宋重复收录	与 全唐诗/poet.tang.51000.json#610 作者、正文完全相同	确认归属朝代后删除其中一条
全唐诗/poet.song.0.json#16	朱存	金陵覽古 北渠	唐宋重复收录	与 全唐诗/poet.tang.51000.json#605 作者、正文完全相同	确认归属朝代后删除其中一条
全唐诗/poet.song.0.json#26	朱存	金陵覽古 直瀆	唐宋重复收录	与 全唐诗/poet.tang.55000.json#442 作者、正文完全相同	确认归属朝代后删除其中一条
全唐诗/poet.song.0.json#34	李濤	題泥水關不動尊院	唐宋重复收录	与 全唐诗/poet.tang.48000.json#282 作者、正文完全相同	确认归属朝代后删除其中一条
全唐诗/poet.song.0.json#36	李濤	題處士林亭	唐宋重复收录	与 全唐诗/poet.tang.55000.json#265 作者、正文完全相同	确认归属朝代后删除其中一条
全唐诗/poet.song.0.json#49	陳摶	華山	唐宋重复收录	与 全唐诗/poet.tang.55000.json#303 作者、正文完全相同	确认归属朝代后删除其中一条
全唐诗/poet.song.0.json#76	陶穀	句  其一	唐宋重复收录	与 全唐诗/poet.tang.55000.json#283 作者、正文完全相同	确认归属朝代后删除其中一条
全唐诗/poet.song.0.json#177	孟賓于	獻主司	唐宋重复收录	与 全唐诗/poet.tang.41000.json#490 作者、正文完全相同	确认归属朝代后删除其中一条
全唐诗/poet.song.0.json#183	孟賓于	晚眺	唐宋重复收录	与 全唐诗/poet.tang.41000.json#489 作者、正文完全相同	确认归属朝代后删除其中一条
全唐诗/poet.song.0.json#184	孟賓于	湘江亭	唐宋重复收录	与 全唐诗/poet.tang.41000.json#486 作者、正文完全相同	确认归属朝代后删除其中一条
全唐诗/poet.song.0.json#185	孟賓于	耒陽杜工部祠堂	唐宋重复收录	与 全唐诗/poet.tang.50000.json#961 作者、正文完全相同	确认归属朝代后删除其中一条
全唐诗/poet.song.0.json#198	孟賓于	句  其一三	唐宋重复收录	与 全唐诗/poet.tang.55000.json#449 作者、正文完全相同	确认归属朝代后删除其中一条
全唐诗/poet.song.0.json#200	孟賓于	句  其一五	唐宋重复收录	与 全唐诗/poet.tang.55000.json#451 作者、正文完全相同	确认归属朝代后删除其中一条
全唐诗/poet.song.0.json#205	馬致恭	送孟賓于	唐宋重复收录	与 全唐诗/poet.tang.41000.json#385 作者、正文完全相同	确认归属朝代后删除其中一条
全唐诗/poet.song.0.json#209	譚用之	別雒下一二知己	唐宋重复收录	与 全唐诗/poet.tang.42000.json#617 作者、正文完全相同	确认归属朝代后删除其中一条
全唐诗/poet.song.0.json#211	譚用之	送友人歸青社	唐宋重复收录	与 全唐诗/poet.tang.42000.json#619 作者、正文完全相同	确认归属朝代后删除其中一条
全唐诗/poet.song.0.json#212	譚用之	送丁道士歸南中	唐宋重复收录	与 全唐诗/poet.tang.42000.json#620 作者、正文完全相同	确认归属朝代后删除其中一条
全唐诗/poet.song.0.json#215	譚用之	憶南中	唐宋重复收录	与 全唐诗/poet.tang.42000.json#623 作者、正文完全相同	确认归属朝代后删除其中一条
全唐诗/poet.song.0.json#217	譚用之	別江上一二友生	唐宋重复收录	与 全唐诗/poet.tang.42000.json#625 作者、正文完全相同	确认归属朝代后删除其中一条
全唐诗/poet.song.0.json#220	譚用之	江上聞笛	唐宋重复收录	与 全唐诗/poet.tang.42000.json#628 作者、正文完全相同	确认归属朝代后删除其中一条
全唐诗/poet.song.0.json#225	譚用之	河橋樓賦得群公夜讌	唐宋重复收录	与 全唐诗/poet.tang.42000.json#633 作者、正文完全相同	确认归属朝代后删除其中一条
全唐诗/poet.song.0.json#229	譚用之	秋日圃田送人隨計	唐宋重复收录	与 全唐诗/poet.tang.42000.json#637 作者、正文完全相同	确认归属朝代后删除其中一条
全唐诗/poet.song.0.json#233	譚用之	寄徐拾遺	唐宋重复收录	与 全唐诗/poet.tang.42000.json#641 作者、正文完全相同	确认归属朝代后删除其中一条
全唐诗/poet.song.0.json#234	譚用之	秋宿湘江遇雨	唐宋重复收录	与 全唐诗/poet.tang.42000.json#642 作者、正文完全相同	确认归属朝代后删除其中一条
全唐诗/poet.song.0.json#243	譚用之	古劍	唐宋重复收录	与 全唐诗/poet.tang.42000.json#651 作者、正文完全相同	确认归属朝代后删除其中一条
全唐诗/poet.song.0.json#258	孫光憲	楊柳枝詞四首  其二	唐宋重复收录	与 全唐诗/poet.tang.42000.json#581 作者、正文完全相同	确认归属朝代后删除其中一条
全唐诗/poet.song.0.json#260	孫光憲	楊柳枝詞四首  其四	唐宋重复收录	与 全唐诗/poet.tang.42000.json#583 作者、正文完全相同	确认归属朝代后删除其中一条
全唐诗/poet.song.0.json#262	孫光憲	八拍蠻	唐宋重复收录	与 全唐诗/poet.tang.49000.json#736 作者、正文完全相同	确认归属朝代后删除其中一条
全唐诗/poet.song.0.json#263	孫光憲	竹枝詞二首  其一	唐宋重复收录	与 全唐诗/poet.tang.42000.json#578 作者、正文完全相同	确认归属朝代后删除其中一条
全唐诗/poet.song.0.json#267	孫光憲	句  其二	唐宋重复收录	与 全唐诗/poet.tang.48000.json#322 作者、正文完全相同	确认归属朝代后删除其中一条
全唐诗/poet.song.0.json#269	劉洞	石城懷古	唐宋重复收录	与 全唐诗/poet.tang.41000.json#514 作者、正文完全相同	确认归属朝代后删除其中一条
全唐诗/poet.song.0.json#297	徐鉉	將過江題白沙館	唐宋重复收录	与 全唐诗/poet.tang.42000.json#84 作者、正文完全相同	确认归属朝代后删除其中一条
全唐诗/poet.song.0.json#301	徐鉉	早春旬假獨直寄江舍人	唐宋重复收录	与 全唐诗/poet.tang.42000.json#88 作者、正文完全相同	确认归属朝代后删除其中一条
全唐诗/poet.song.0.json#310	徐鉉	賦得有所思	唐宋重复收录	与 全唐诗/poet.tang.42000.json#97 作者、正文完全相同	确认归属朝代后删除其中一条
全唐诗/poet.song.0.json#313	徐鉉	愛敬寺有老僧嘗遊長安言秦雍間事歷歷可聽因贈此詩兼示同行客	唐宋重复收录	与 全唐诗/poet.tang.42000.json#100 作者、正文完全相同	确认归属朝代后删除其中一条
全唐诗/poet.song.0.json#323	徐鉉	謝文靜墓下作	唐宋重复收录	与 全唐诗/poet.tang.42000.json#110 作者、正文完全相同	确认归属朝代后删除其中一条
全唐诗/poet.song.0.json#336	徐鉉	江舍人宅筵上有妓唱和州韓舍人歌辭因以寄	唐宋重复收录	与 全唐诗/poet.tang.42000.json#123 作者、正文完全相同	确认归属朝代后删除其中一条
全唐诗/poet.song.0.json#338	徐鉉	賀殷游二舍人入翰林江給事拜中丞	唐宋重复收录	与 全唐诗/poet.tang.42000.json#125 作者、正文完全相同	确认归属朝代后删除其中一条
全唐诗/poet.song.0.json#340	徐鉉	送吳郎中爲宣州推官知涇縣	唐宋重复收录	与 全唐诗/poet.tang.42000.json#127 作者、正文完全相同	确认归属朝代后删除其中一条
全唐诗/poet.song.0.json#349	徐鉉	賦得霍將軍辭第	唐宋重复收录	与 全唐诗/poet.tang.42000.json#136 作者、正文完全相同	确认归属朝代后删除其中一条
全唐诗/poet.song.0.json#355	徐鉉	寄歙州呂判官	唐宋重复收录	与 全唐诗/poet.tang.42000.json#142 作者、正文完全相同	确认归属朝代后删除其中一条
全唐诗/poet.song.0.json#357	徐鉉	附池州薛郎中書因寄歙州張員外	唐宋重复收录	与 全唐诗/poet.tang.42000.json#144 作者、正文完全相同	确认归属朝代后删除其中一条
全唐诗/poet.song.0.json#359	徐鉉	張員外好茅山風景求爲句容令作此送	唐宋重复收录	与 全唐诗/poet.tang.42000.json#146 作者、正文完全相同	确认归属朝代后删除其中一条
全唐诗/poet.song.0.json#373	徐鉉	柳枝辭十二首  其一	唐宋重复收录	与 全唐诗/poet.tang.42000.json#160 作者、正文完全相同	确认归属朝代后删除其中一条
全唐诗/poet.song.0.json#374	徐鉉	柳枝辭十二首  其二	唐宋重复收录	与 全唐诗/poet.tang.42000.json#161 作者、正文完全相同	确认归属朝代后删除其中一条
全唐诗/poet.song.0.json#377	徐鉉	柳枝辭十二首  其五	唐宋重复收录	与 全唐诗/poet.tang.42000.json#164 作者、正文完全相同	确认归属朝代后删除其中一条
全唐诗/poet.song.0.json#379	徐鉉	柳枝辭十二首  其七	唐宋重复收录	与 全唐诗/poet.tang.42000.json#166 作者、正文完全相同	确认归属朝代后删除其中一条
全唐诗/poet.song.0.json#389	徐鉉	泰州道中却寄東京故人	唐宋重复收录	与 全唐诗/poet.tang.42000.json#176 作者、正文完全相同	确认归属朝代后删除其中一条
全唐诗/poet.song.0.json#395	徐鉉	陶使君挽歌二首  其二	唐宋重复收录	与 全唐诗/poet.tang.42000.json#182 作者、正文完全相同	确认归属朝代后删除其中一条
全唐诗/poet.song.0.json#397	徐鉉	賦得風光草際浮	唐宋重复收录	与 全唐诗/poet.tang.42000.json#184 作者、正文完全相同	确认归属朝代后删除其中一条
全唐诗/poet.song.0.json#398	徐鉉	寒食成判官垂訪因贈	唐宋重复收录	与 全唐诗/poet.tang.42000.json#185 作者、正文完全相同	确认归属朝代后删除其中一条
全唐诗/poet.song.0.json#407	徐鉉	聞查建州陷賊寄鍾郎中	唐宋重复收录	与 全唐诗/poet.tang.42000.json#195 作者、正文完全相同	确认归属朝代后删除其中一条
全唐诗/poet.song.0.json#409	徐鉉	送楊郎中唐員外奉使湖南	唐宋重复收录	与 全唐诗/poet.tang.42000.json#197 作者、正文完全相同	确认归属朝代后删除其中一条
全唐诗/poet.song.0.json#413	徐鉉	贈泰州掾令狐克己	唐宋重复收录	与 全唐诗/poet.tang.42000.json#201 作者、正文完全相同	确认归属朝代后删除其中一条
全唐诗/poet.song.0.json#426	徐鉉	行園樹	唐宋重复收录	与 全唐诗/poet.tang.42000.json#214 作者、正文完全相同	确认归属朝代后删除其中一条
全唐诗/poet.song.0.json#433	徐鉉	送劉山陽	唐宋重复收录	与 全唐诗/poet.tang.42000.json#221 作者、正文完全相同	确认归属朝代后删除其中一条
全唐诗/poet.song.0.json#436	徐鉉	詠梅子真送郭先輩	唐宋重复收录	与 全唐诗/poet.tang.42000.json#224 作者、正文完全相同	确认归属朝代后删除其中一条
全唐诗/poet.song.0.json#439	徐鉉	送王四十五歸東都	唐宋重复收录	与 全唐诗/poet.tang.42000.json#227 作者、正文完全相同	确认归属朝代后删除其中一条
全唐诗/poet.song.0.json#441	徐鉉	和太常蕭少卿近郊馬上偶吟  其二	唐宋重复收录	与 全唐诗/poet.tang.42000.json#229 作者、正文完全相同	确认归属朝代后删除其中一条
全唐诗/poet.song.0.json#444	徐鉉	離歌辭五首  其一	唐宋重复收录	与 全唐诗/poet.tang.42000.json#232 作者、正文完全相同	确认归属朝代后删除其中一条
全唐诗/poet.song.0.json#445	徐鉉	離歌辭五首  其二	唐宋重复收录	与 全唐诗/poet.tang.42000.json#233 作者、正文完全相同	确认归属朝代后删除其中一条
全唐诗/poet.song.0.json#448	徐鉉	離歌辭五首  其五	唐宋重复收录	与 全唐诗/poet.tang.42000.json#236 作者、正文完全相同	确认归属朝代后删除其中一条
全唐诗/poet.song.0.json#449	徐鉉	夢游三首  其一	唐宋重复收录	与 全唐诗/poet.tang.42000.json#237 作者、正文完全相同	确认归属朝代后删除其中一条
全唐诗/poet.song.0.json#453	徐鉉	和蕭少卿見慶新居  其二	唐宋重复收录	与 全唐诗/poet.tang.42000.json#241 作者、正文完全相同	确认归属朝代后删除其中一条
全唐诗/poet.song.0.json#457	徐鉉	和明上人除夜見寄	唐宋重复收录	与 全唐诗/poet.tang.42000.json#245 作者、正文完全相同	确认归属朝代后删除其中一条
全唐诗/poet.song.0.json#458	徐鉉	正初和鄂州邊郎中見寄	唐宋重复收录	与 全唐诗/poet.tang.42000.json#246 作者、正文完全相同	确认归属朝代后删除其中一条
全唐诗/poet.song.0.json#459	徐鉉	送劉司直出宰	唐宋重复收录	与 全唐诗/poet.tang.42000.json#247 作者、正文完全相同	确认归属朝代后删除其中一条
全唐诗/poet.song.0.json#465	徐鉉	送龔明府九江歸寧	唐宋重复收录	与 全唐诗/poet.tang.42000.json#253 作者、正文完全相同	确认归属朝代后删除其中一条
全唐诗/poet.song.0.json#469	徐鉉	送高起居之涇縣	唐宋重复收录	与 全唐诗/poet.tang.42000.json#257 作者、正文完全相同	确认归属朝代后删除其中一条
全唐诗/poet.song.0.json#470	徐鉉	宿茅山寄舍弟	唐宋重复收录	与 全唐诗/poet.tang.42000.json#258 作者、正文完全相同	确认归属朝代后删除其中一条
全唐诗/poet.song.0.json#476	徐鉉	步虛詞五首  其一	唐宋重复收录	与 全唐诗/poet.tang.42000.json#264 作者、正文完全相同	确认归属朝代后删除其中一条
全唐诗/poet.song.0.json#483	徐鉉	奉和七夕應令	唐宋重复收录	与 全唐诗/poet.tang.42000.json#271 作者、正文完全相同	确认归属朝代后删除其中一条
全唐诗/poet.song.0.json#500	徐鉉	文獻太子挽歌辭五首  其三	唐宋重复收录	与 全唐诗/poet.tang.42000.json#288 作者、正文完全相同	确认归属朝代后删除其中一条
全唐诗/poet.song.0.json#501	徐鉉	文獻太子挽歌辭五首  其四	唐宋重复收录	与 全唐诗/poet.tang.42000.json#289 作者、正文完全相同	确认归属朝代后删除其中一条
全唐诗/poet.song.0.json#503	徐鉉	送王員外宰德安	唐宋重复收录	与 全唐诗/poet.tang.42000.json#291 作者、正文完全相同	确认归属朝代后删除其中一条
全唐诗/poet.song.0.json#504	徐鉉	以端谿硯酬張員外水精珠兼和來篇	唐宋重复收录	与 全唐诗/poet.tang.42000.json#292 作者、正文完全相同	确认归属朝代后删除其中一条
全唐诗/poet.song.0.json#508	徐鉉	閣皁山	唐宋重复收录	与 全唐诗/poet.tang.42000.json#296 作者、正文完全相同	确认归属朝代后删除其中一条
全唐诗/poet.song.0.json#510	徐鉉	廬陵別朱觀先輩	唐宋重复收录	与 全唐诗/poet.tang.42000.json#298 作者、正文完全相同	确认归属朝代后删除其中一条
全唐诗/poet.song.0.json#517	徐鉉	光穆皇后挽歌三首  其一	唐宋重复收录	与 全唐诗/poet.tang.42000.json#305 作者、正文完全相同	确认归属朝代后删除其中一条
全唐诗/poet.song.0.json#527	徐鉉	自題山亭三首  其一	唐宋重复收录	与 全唐诗/poet.tang.42000.json#315 作者、正文完全相同	确认归属朝代后删除其中一条
全唐诗/poet.song.0.json#532	徐鉉	憶新淦觴池寄孟賓于員外	唐宋重复收录	与 全唐诗/poet.tang.42000.json#320 作者、正文完全相同	确认归属朝代后删除其中一条
全唐诗/poet.song.0.json#537	徐鉉	又三絕  其一	唐宋重复收录	与 全唐诗/poet.tang.42000.json#325 作者、正文完全相同	确认归属朝代后删除其中一条
全唐诗/poet.song.0.json#538	徐鉉	又三絕  其二	唐宋重复收录	与 全唐诗/poet.tang.42000.json#326 作者、正文完全相同	确认归属朝代后删除其中一条
全唐诗/poet.song.0.json#539	徐鉉	又三絕  其三	唐宋重复收录	与 全唐诗/poet.tang.42000.json#327 作者、正文完全相同	确认归属朝代后删除其中一条
全唐诗/poet.song.0.json#540	徐鉉	北苑侍宴雜詠詩 竹	唐宋重复收录	与 全唐诗/poet.tang.42000.json#328 作者、正文完全相同	确认归属朝代后删除其中一条
全唐诗/poet.song.0.json#543	徐鉉	北苑侍宴雜詠詩 風	唐宋重复收录	与 全唐诗/poet.tang.42000.json#331 作者、正文完全相同	确认归属朝代后删除其中一条
全唐诗/poet.song.0.json#544	徐鉉	北苑侍宴雜詠詩 菊	唐宋重复收录	与 全唐诗/poet.tang.42000.json#332 作者、正文完全相同	确认归属朝代后删除其中一条
全唐诗/poet.song.0.json#549	徐鉉	柳枝詞十首  其五	唐宋重复收录	与 全唐诗/poet.tang.42000.json#337 作者、正文完全相同	确认归属朝代后删除其中一条
全唐诗/poet.song.0.json#550	徐鉉	柳枝詞十首  其六	唐宋重复收录	与 全唐诗/poet.tang.42000.json#338 作者、正文完全相同	确认归属朝代后删除其中一条
全唐诗/poet.song.0.json#551	徐鉉	柳枝詞十首  其七	唐宋重复收录	与 全唐诗/poet.tang.42000.json#339 作者、正文完全相同	确认归属朝代后删除其中一条
全唐诗/poet.song.0.json#552	徐鉉	柳枝詞十首  其八	唐宋重复收录	与 全唐诗/poet.tang.42000.json#340 作者、正文完全相同	确认归属朝代后删除其中一条
全唐诗/poet.song.0.json#564	徐鉉	送蕭尚書致仕歸廬陵	唐宋重复收录	与 全唐诗/poet.tang.42000.json#352 作者、正文完全相同	确认归属朝代后删除其中一条
全唐诗/poet.song.0.json#565	徐鉉	賦得秋江晚照	唐宋重复收录	与 全唐诗/poet.tang.42000.json#353 作者、正文完全相同	确认归属朝代后删除其中一条
全唐诗/poet.song.0.json#567	徐鉉	史館庭梅見其毫末歷載三十今已半枯同僚諸公唯相公與鉉在耳睹物興感率成短篇謹書獻上伏惟垂覽	唐宋重复收录	与 全唐诗/poet.tang.42000.json#355 作者、正文完全相同	确认归属朝代后删除其中一条
全唐诗/poet.song.0.json#568	徐鉉	太傅相公深感庭梅再成絕唱曲垂借示倍認知憐謹用舊韻攀和	唐宋重复收录	与 全唐诗/poet.tang.42000.json#356 作者、正文完全相同	确认归属朝代后删除其中一条
全唐诗/poet.song.0.json#579	徐鉉	明道人歸西林求題院額作此送之	唐宋重复收录	与 全唐诗/poet.tang.42000.json#367 作者、正文完全相同	确认归属朝代后删除其中一条
全唐诗/poet.song.0.json#580	徐鉉	送宣州丘判官	唐宋重复收录	与 全唐诗/poet.tang.42000.json#368 作者、正文完全相同	确认归属朝代后删除其中一条
全唐诗/poet.song.0.json#584	徐鉉	棋賭賦詩輸劉起居	唐宋重复收录	与 全唐诗/poet.tang.42000.json#372 作者、正文完全相同	确认归属朝代后删除其中一条
全唐诗/poet.song.0.json#587	徐鉉	後湖訪古各賦一題得西邸	唐宋重复收录	与 全唐诗/poet.tang.42000.json#375 作者、正文完全相同	确认归属朝代后删除其中一条
全唐诗/poet.song.0.json#589	徐鉉	送陳秘監歸泉州	唐宋重复收录	与 全唐诗/poet.tang.42000.json#377 作者、正文完全相同	确认归属朝代后删除其中一条
全唐诗/poet.song.0.json#590	徐鉉	又聽霓裳羽衣曲送陳君	唐宋重复收录	与 全唐诗/poet.tang.42000.json#378 作者、正文完全相同	确认归属朝代后删除其中一条
全唐诗/poet.song.0.json#734	卞震	句  其八	唐宋重复收录	与 全唐诗/poet.tang.56000.json#271 作者、正文完全相同	确认归属朝代后删除其中一条
全唐诗/poet.song.0.json#769	許堅	題幽棲觀	唐宋重复收录	与 全唐诗/poet.tang.47000.json#728 作者、正文完全相同	确认归属朝代后删除其中一条
全唐诗/poet.song.0.json#770	許堅	登游齊山	唐宋重复收录	与 全唐诗/poet.tang.42000.json#402 作者、正文完全相同	确认归属朝代后删除其中一条
全唐诗/poet.song.0.json#783	竇儼	北海題渚宮	唐宋重复收录	与 全唐诗/poet.tang.55000.json#279 作者、正文完全相同	确认归属朝代后删除其中一条
全唐诗/poet.song.0.json#801	楊徽之	句  其八	唐宋重复收录	与 全唐诗/poet.tang.50000.json#969 作者、正文完全相同	确认归属朝代后删除其中一条
全唐诗/poet.song.0.json#810	王溥	句  其一	唐宋重复收录	与 全唐诗/poet.tang.55000.json#288 作者、正文完全相同	确认归属朝代后删除其中一条
全唐诗/poet.song.0.json#821	周濆	逢鄰女	唐宋重复收录	与 全唐诗/poet.tang.43000.json#26 作者、正文完全相同	确认归属朝代后删除其中一条
全唐诗/poet.song.0.json#841	胡君防	句  其二	唐宋重复收录	与 全唐诗/poet.tang.56000.json#23 作者、正文完全相同	确认归属朝代后删除其中一条
全唐诗/poet.song.0.json#952	伍喬	遊西山龍泉禪寺	唐宋重复收录	与 全唐诗/poet.tang.41000.json#577 作者、正文完全相同	确认归属朝代后删除其中一条
全唐诗/poet.song.0.json#959	伍喬	題西林寺水閣	唐宋重复收录	与 全唐诗/poet.tang.41000.json#585 作者、正文完全相同	确认归属朝代后删除其中一条
全唐诗/poet.song.0.json#961	伍喬	觀華夷圖	唐宋重复收录	与 全唐诗/poet.tang.41000.json#587 作者、正文完全相同	确认归属朝代后删除其中一条
全唐诗/poet.song.0.json#964	伍喬	龍潭張道者	唐宋重复收录	与 全唐诗/poet.tang.41000.json#590 作者、正文完全相同	确认归属朝代后删除其中一条
全唐诗/poet.song.0.json#968	伍喬	句	唐宋重复收录	与 全唐诗/poet.tang.41000.json#595 作者、正文完全相同	确认归属朝代后删除其中一条
全唐诗/poet.song.1000.json#8	湯悅	送季大夫牧舒州	唐宋重复收录	与 全唐诗/poet.tang.51000.json#617 作者、正文完全相同	确认归属朝代后删除其中一条
全唐诗/poet.song.1000.json#10	湯悅	早春寄華下同志	唐宋重复收录	与 全唐诗/poet.tang.42000.json#415 作者、正文完全相同	确认归属朝代后删除其中一条
全唐诗/poet.song.1000.json#14	楊文郁	謁聖林	唐宋重复收录	与 全唐诗/poet.tang.55000.json#477 作者、正文完全相同	确认归属朝代后删除其中一条
全唐诗/poet.song.1000.json#15	駱仲舒	句	唐宋重复收录	与 全唐诗/poet.tang.55000.json#297 作者、正文完全相同	确认归属朝代后删除其中一条
全唐诗/poet.song.1000.json#28	廖融	贈王正己	唐宋重复收录	与 全唐诗/poet.tang.55000.json#953 作者、正文完全相同	确认归属朝代后删除其中一条
全唐诗/poet.song.1000.json#38	翁宏	句  其二	唐宋重复收录	与 全唐诗/poet.tang.51000.json#773 作者、正文完全相同	确认归属朝代后删除其中一条
全唐诗/poet.song.1000.json#43	翁宏	句  其七	唐宋重复收录	与 全唐诗/poet.tang.51000.json#770 作者、正文完全相同	确认归属朝代后删除其中一条
全唐诗/poet.song.1000.json#44	翁宏	句  其八	唐宋重复收录	与 全唐诗/poet.tang.51000.json#771 作者、正文完全相同	确认归属朝代后删除其中一条
全唐诗/poet.song.1000.json#46	王元	登祝融峰	唐宋重复收录	与 全唐诗/poet.tang.42000.json#558 作者、正文完全相同	确认归属朝代后删除其中一条
全唐诗/poet.song.1000.json#47	王元	聽琴	唐宋重复收录	与 全唐诗/poet.tang.42000.json#560 作者、正文完全相同	确认归属朝代后删除其中一条
全唐诗/poet.song.1000.json#57	豐禪師	偈	唐宋重复收录	与 全唐诗/poet.tang.55000.json#959 作者、正文完全相同	确认归属朝代后删除其中一条
全唐诗/poet.song.1000.json#73	孟貫	過秦嶺	唐宋重复收录	与 全唐诗/poet.tang.42000.json#431 作者、正文完全相同	确认归属朝代后删除其中一条
全唐诗/poet.song.1000.json#74	孟貫	送吳夢誾歸閩	唐宋重复收录	与 全唐诗/poet.tang.42000.json#432 作者、正文完全相同	确认归属朝代后删除其中一条
全唐诗/poet.song.1000.json#86	孟貫	懷果上人	唐宋重复收录	与 全唐诗/poet.tang.42000.json#444 作者、正文完全相同	确认归属朝代后删除其中一条
全唐诗/poet.song.1000.json#87	孟貫	寄故園兄弟	唐宋重复收录	与 全唐诗/poet.tang.42000.json#445 作者、正文完全相同	确认归属朝代后删除其中一条
全唐诗/poet.song.1000.json#89	孟貫	送江爲歸嶺南	唐宋重复收录	与 全唐诗/poet.tang.42000.json#447 作者、正文完全相同	确认归属朝代后删除其中一条
全唐诗/poet.song.1000.json#97	孟貫	送人歸別業	唐宋重复收录	与 全唐诗/poet.tang.42000.json#455 作者、正文完全相同	确认归属朝代后删除其中一条
全唐诗/poet.song.1000.json#98	孟貫	冬日登江樓	唐宋重复收录	与 全唐诗/poet.tang.42000.json#456 作者、正文完全相同	确认归属朝代后删除其中一条
全唐诗/poet.song.1000.json#112	劉兼	再見從弟舍人	唐宋重复收录	与 全唐诗/poet.tang.42000.json#753 作者、正文完全相同	确认归属朝代后删除其中一条
全唐诗/poet.song.1000.json#117	劉兼	寄高書記	唐宋重复收录	与 全唐诗/poet.tang.42000.json#752 作者、正文完全相同	确认归属朝代后删除其中一条
全唐诗/poet.song.1000.json#122	劉兼	春遊	唐宋重复收录	与 全唐诗/poet.tang.42000.json#747 作者、正文完全相同	确认归属朝代后删除其中一条
全唐诗/poet.song.1000.json#133	劉兼	江岸獨步	唐宋重复收录	与 全唐诗/poet.tang.42000.json#741 作者、正文完全相同	确认归属朝代后删除其中一条
全唐诗/poet.song.1000.json#138	劉兼	春夕寓興	唐宋重复收录	与 全唐诗/poet.tang.42000.json#756 作者、正文完全相同	确认归属朝代后删除其中一条
全唐诗/poet.song.1000.json#147	劉兼	長春節	唐宋重复收录	与 全唐诗/poet.tang.42000.json#786 作者、正文完全相同	确认归属朝代后删除其中一条
全唐诗/poet.song.1000.json#160	劉兼	萬葛樹	唐宋重复收录	与 全唐诗/poet.tang.42000.json#761 作者、正文完全相同	确认归属朝代后删除其中一条
全唐诗/poet.song.1000.json#164	劉兼	重陽感懷二首  其二	唐宋重复收录	与 全唐诗/poet.tang.42000.json#750 作者、正文完全相同	确认归属朝代后删除其中一条
全唐诗/poet.song.1000.json#166	劉兼	蜀都春晚感懷	唐宋重复收录	与 全唐诗/poet.tang.42000.json#718 作者、正文完全相同	确认归属朝代后删除其中一条
全唐诗/poet.song.1000.json#179	劉兼	登郡樓書事	唐宋重复收录	与 全唐诗/poet.tang.42000.json#787 作者、正文完全相同	确认归属朝代后删除其中一条
全唐诗/poet.song.1000.json#182	劉兼	郡齋寓興	唐宋重复收录	与 全唐诗/poet.tang.42000.json#773 作者、正文完全相同	确认归属朝代后删除其中一条
全唐诗/poet.song.1000.json#187	劉兼	春夜	唐宋重复收录	与 全唐诗/poet.tang.42000.json#757 作者、正文完全相同	确认归属朝代后删除其中一条
全唐诗/poet.song.1000.json#188	劉兼	西齋	唐宋重复收录	与 全唐诗/poet.tang.42000.json#763 作者、正文完全相同	确认归属朝代后删除其中一条
全唐诗/poet.song.1000.json#189	劉兼	春怨	唐宋重复收录	与 全唐诗/poet.tang.42000.json#739 作者、正文完全相同	确认归属朝代后删除其中一条
全唐诗/poet.song.1000.json#220	李度	句  其二	唐宋重复收录	与 全唐诗/poet.tang.51000.json#562 作者、正文完全相同	确认归属朝代后删除其中一条
全唐诗/poet.song.1000.json#244	李九齡	上清辭五首  其一	唐宋重复收录	与 全唐诗/poet.tang.41000.json#78 作者、正文完全相同	确认归属朝代后删除其中一条
全唐诗/poet.song.1000.json#246	李九齡	上清辭五首  其三	唐宋重复收录	与 全唐诗/poet.tang.41000.json#80 作者、正文完全相同	确认归属朝代后删除其中一条
全唐诗/poet.song.1000.json#248	李九齡	上清辭五首  其五	唐宋重复收录	与 全唐诗/poet.tang.41000.json#82 作者、正文完全相同	确认归属朝代后删除其中一条
全唐诗/poet.song.1000.json#250	李九齡	山舍南溪小桃花	唐宋重复收录	与 全唐诗/poet.tang.41000.json#84 作者、正文完全相同	确认归属朝代后删除其中一条
全唐诗/poet.song.1000.json#251	李九齡	春行遇雨	唐宋重复收录	与 全唐诗/poet.tang.41000.json#85 作者、正文完全相同	确认归属朝代后删除其中一条
全唐诗/poet.song.1000.json#253	李九齡	望思臺	唐宋重复收录	与 全唐诗/poet.tang.41000.json#87 作者、正文完全相同	确认归属朝代后删除其中一条
全唐诗/poet.song.1000.json#259	李九齡	夜與張舒話別	唐宋重复收录	与 全唐诗/poet.tang.41000.json#93 作者、正文完全相同	确认归属朝代后删除其中一条
全唐诗/poet.song.1000.json#260	李九齡	寒梅詞	唐宋重复收录	与 全唐诗/poet.tang.41000.json#94 作者、正文完全相同	确认归属朝代后删除其中一条
全唐诗/poet.song.1000.json#261	李九齡	題靈泉寺	唐宋重复收录	与 全唐诗/poet.tang.41000.json#95 作者、正文完全相同	确认归属朝代后删除其中一条
全唐诗/poet.song.1000.json#466	滕白	題汶川村居	唐宋重复收录	与 全唐诗/poet.tang.41000.json#122 作者、正文完全相同	确认归属朝代后删除其中一条
全唐诗/poet.song.1000.json#472	王嵒	題嚴君觀	唐宋重复收录	与 全唐诗/poet.tang.41000.json#124 作者、正文完全相同	确认归属朝代后删除其中一条
全唐诗/poet.song.1000.json#476	王嵒	杪春寄友人	唐宋重复收录	与 全唐诗/poet.tang.41000.json#128 作者、正文完全相同	确认归属朝代后删除其中一条
全唐诗/poet.song.1000.json#492	郭震	雲	唐宋重复收录	与 全唐诗/poet.tang.3000.json#870 作者、正文完全相同	确认归属朝代后删除其中一条
全唐诗/poet.song.1000.json#494	郭震	野井	唐宋重复收录	与 全唐诗/poet.tang.3000.json#871 作者、正文完全相同	确认归属朝代后删除其中一条
全唐诗/poet.song.1000.json#497	郭震	蓮花	唐宋重复收录	与 全唐诗/poet.tang.3000.json#874 作者、正文完全相同	确认归属朝代后删除其中一条
全唐诗/poet.song.3000.json#792	趙自然	詩一首	唐宋重复收录	与 全唐诗/poet.tang.47000.json#739 作者、正文完全相同	确认归属朝代后删除其中一条
全唐诗/poet.song.5000.json#806	劉元載妻	早梅	唐宋重复收录	与 全唐诗/poet.tang.44000.json#56 作者、正文完全相同	确认归属朝代后删除其中一条
全唐诗/poet.song.7000.json#5	吳黔	詩一首	唐宋重复收录	与 全唐诗/poet.tang.49000.json#9 作者、正文完全相同	确认归属朝代后删除其中一条
全唐诗/poet.song.8000.json#290	王周	泊姑熟口	唐宋重复收录	与 全唐诗/poet.tang.42000.json#655 作者、正文完全相同	确认归属朝代后删除其中一条
全唐诗/poet.song.8000.json#291	王周	湖口縣	唐宋重复收录	与 全唐诗/poet.tang.42000.json#656 作者、正文完全相同	确认归属朝代后删除其中一条
全唐诗/poet.song.8000.json#292	王周	岳州衆湖阻風  其一	唐宋重复收录	与 全唐诗/poet.tang.42000.json#657 作者、正文完全相同	确认归属朝代后删除其中一条
全唐诗/poet.song.8000.json#294	王周	問春	唐宋重复收录	与 全唐诗/poet.tang.42000.json#659 作者、正文完全相同	确认归属朝代后删除其中一条
全唐诗/poet.song.8000.json#295	王周	春答	唐宋重复收录	与 全唐诗/poet.tang.42000.json#660 作者、正文完全相同	确认归属朝代后删除其中一条
全唐诗/poet.song.8000.json#297	王周	西塞山  其二	唐宋重复收录	与 全唐诗/poet.tang.42000.json#662 作者、正文完全相同	确认归属朝代后删除其中一条
全唐诗/poet.song.8000.json#299	王周	石首山	唐宋重复收录	与 全唐诗/poet.tang.42000.json#664 作者、正文完全相同	确认归属朝代后删除其中一条
全唐诗/poet.song.8000.json#303	王周	渡溪	唐宋重复收录	与 全唐诗/poet.tang.42000.json#668 作者、正文完全相同	确认归属朝代后删除其中一条
全唐诗/poet.song.8000.json#304	王周	落葉	唐宋重复收录	与 全唐诗/poet.tang.42000.json#669 作者、正文完全相同	确认归属朝代后删除其中一条
全唐诗/poet.song.8000.json#305	王周	宿疏陂驛	唐宋重复收录	与 全唐诗/poet.tang.42000.json#670 作者、正文完全相同	确认归属朝代后删除其中一条
全唐诗/poet.song.8000.json#307	王周	再經秭歸  其二	唐宋重复收录	与 全唐诗/poet.tang.42000.json#672 作者、正文完全相同	确认归属朝代后删除其中一条
全唐诗/poet.song.8000.json#308	王周	霞	唐宋重复收录	与 全唐诗/poet.tang.42000.json#673 作者、正文完全相同	确认归属朝代后删除其中一条
全唐诗/poet.song.8000.json#309	王周	巫山公署壁有無名氏戲書二韻	唐宋重复收录	与 全唐诗/poet.tang.42000.json#674 作者、正文完全相同	确认归属朝代后删除其中一条
全唐诗/poet.song.8000.json#310	王周	道院	唐宋重复收录	与 全唐诗/poet.tang.42000.json#675 作者、正文完全相同	确认归属朝代后删除其中一条
全唐诗/poet.song.8000.json#315	王周	富池口	唐宋重复收录	与 全唐诗/poet.tang.42000.json#680 作者、正文完全相同	确认归属朝代后删除其中一条
全唐诗/poet.song.8000.json#316	王周	夔州病中	唐宋重复收录	与 全唐诗/poet.tang.42000.json#681 作者、正文完全相同	确认归属朝代后删除其中一条
全唐诗/poet.song.8000.json#319	王周	路次覆盆驛	唐宋重复收录	与 全唐诗/poet.tang.42000.json#684 作者、正文完全相同	确认归属朝代后删除其中一条
全唐诗/poet.song.8000.json#320	王周	藕池阻風寄同行撫牧裘駕	唐宋重复收录	与 全唐诗/poet.tang.42000.json#685 作者、正文完全相同	确认归属朝代后删除其中一条
全唐诗/poet.song.8000.json#321	王周	無題  其一	唐宋重复收录	与 全唐诗/poet.tang.42000.json#686 作者、正文完全相同	确认归属朝代后删除其中一条
全唐诗/poet.song.8000.json#343	王周	巫山廟	唐宋重复收录	与 全唐诗/poet.tang.42000.json#708 作者、正文完全相同	确认归属朝代后删除其中一条
全唐诗/poet.song.8000.json#344	王周	下瞿塘寄時同年	唐宋重复收录	与 全唐诗/poet.tang.42000.json#709 作者、正文完全相同	确认归属朝代后删除其中一条
全唐诗/poet.song.8000.json#345	王周	和杜運使巴峡地暖節物與中土異黯然有感詩三首  其一	唐宋重复收录	与 全唐诗/poet.tang.42000.json#710 作者、正文完全相同	确认归属朝代后删除其中一条
全唐诗/poet.song.8000.json#346	王周	和杜運使巴峡地暖節物與中土異黯然有感詩三首  其二	唐宋重复收录	与 全唐诗/poet.tang.42000.json#711 作者、正文完全相同	确认归属朝代后删除其中一条
全唐诗/poet.song.8000.json#348	王周	施南太守以猿兒爲寄作詩答之	唐宋重复收录	与 全唐诗/poet.tang.42000.json#713 作者、正文完全相同	确认归属朝代后删除其中一条
全唐诗/poet.song.8000.json#675	麻溫其	登岳陽樓	唐宋重复收录	与 全唐诗/poet.tang.43000.json#39 作者、正文完全相同	确认归属朝代后删除其中一条
全唐诗/poet.song.9000.json#634	王初	青帝	唐宋重复收录	与 全唐诗/poet.tang.26000.json#157 作者、正文完全相同	确认归属朝代后删除其中一条
全唐诗/poet.song.9000.json#636	王初	自和書秋	唐宋重复收录	与 全唐诗/poet.tang.26000.json#160 作者、正文完全相同	确认归属朝代后删除其中一条
全唐诗/poet.song.9000.json#639	王初	春日詠梅花  其二	唐宋重复收录	与 全唐诗/poet.tang.26000.json#165 作者、正文完全相同	确认归属朝代后删除其中一条
全唐诗/poet.song.9000.json#642	王初	即夕	唐宋重复收录	与 全唐诗/poet.tang.26000.json#168 作者、正文完全相同	确认归属朝代后删除其中一条
全唐诗/poet.song.9000.json#643	王初	雪霽	唐宋重复收录	与 全唐诗/poet.tang.26000.json#171 作者、正文完全相同	确认归属朝代后删除其中一条
全唐诗/poet.song.9000.json#990	胡宿	寄昭潭王中立	唐宋重复收录	与 全唐诗/poet.tang.41000.json#104 作者、正文完全相同	确认归属朝代后删除其中一条
全唐诗/poet.song.9000.json#991	胡宿	次韵徐爽見寄	唐宋重复收录	与 全唐诗/poet.tang.41000.json#119 作者、正文完全相同	确认归属朝代后删除其中一条
全唐诗/poet.song.9000.json#999	胡宿	次韵和朱況雨中之什	唐宋重复收录	与 全唐诗/poet.tang.41000.json#112 作者、正文完全相同	确认归属朝代后删除其中一条
全唐诗/poet.song.23000.json#153	陳嶠	句  其一	唐宋重复收录	与 全唐诗/poet.tang.48000.json#325 作者、正文完全相同	确认归属朝代后删除其中一条
全唐诗/poet.song.58000.json#112	方澤	武昌阻風	唐宋重复收录	与 全唐诗/poet.tang.43000.json#99 作者、正文完全相同	确认归属朝代后删除其中一条
全唐诗/poet.song.68000.json#880	鄭常	送頭陀赴廬山寺	唐宋重复收录	与 全唐诗/poet.tang.16000.json#742 作者、正文完全相同	确认归属朝代后删除其中一条
全唐诗/poet.song.70000.json#597	王滌	南澗寺閣	唐宋重复收录	与 全唐诗/poet.tang.55000.json#802 作者、正文完全相同	确认归属朝代后删除其中一条
全唐诗/poet.song.70000.json#629	郭思	句  其二	唐宋重复收录	与 全唐诗/poet.tang.43000.json#712 作者、正文完全相同	确认归属朝代后删除其中一条
全唐诗/poet.song.79000.json#101	張固	句	唐宋重复收录	与 全唐诗/poet.tang.53000.json#893 作者、正文完全相同	确认归属朝代后删除其中一条
全唐诗/poet.song.124000.json#939	范崇	句	唐宋重复收录	与 全唐诗/poet.tang.56000.json#319 作者、正文完全相同	确认归属朝代后删除其中一条
全唐诗/poet.song.221000.json#420	陳羽	廣陵秋夜月	唐宋重复收录	与 全唐诗/poet.tang.18000.json#441 作者、正文完全相同	确认归属朝代后删除其中一条
全唐诗/poet.song.251000.json#469	無名氏	題丹陽玉乳泉壁	唐宋重复收录	与 全唐诗/poet.tang.51000.json#836 作者、正文完全相同	确认归属朝代后删除其中一条
全唐诗/poet.song.251000.json#562	李簡	句	唐宋重复收录	与 全唐诗/poet.tang.56000.json#205 作者、正文完全相同	确认归属朝代后删除其中一条
全唐诗/poet.song.251000.json#702	吳資	合肥懷古三首  其三	唐宋重复收录	与 全唐诗/poet.tang.51000.json#797 作者、正文完全相同	确认归属朝代后删除其中一条
全唐诗/poet.song.251000.json#759	李善美	句	唐宋重复收录	与 全唐诗/poet.tang.56000.json#301 作者、正文完全相同	确认归属朝代后删除其中一条
全唐诗/poet.song.251000.json#867	無名氏	小桃源	唐宋重复收录	与 全唐诗/poet.tang.51000.json#831 作者、正文完全相同	确认归属朝代后删除其中一条
全唐诗/poet.song.251000.json#871	無名氏	句	唐宋重复收录	与 全唐诗/poet.tang.56000.json#729 作者、正文完全相同	确认归属朝代后删除其中一条
全唐诗/poet.song.251000.json#886	崔覲	句  其三	唐宋重复收录	与 全唐诗/poet.tang.53000.json#610 作者、正文完全相同	确认归属朝代后删除其中一条
全唐诗/poet.song.251000.json#887	崔覲	句  其四	唐宋重复收录	与 全唐诗/poet.tang.53000.json#611 作者、正文完全相同	确认归属朝代后删除其中一条
全唐诗/poet.tang.50000.json#113	崔湜		正文为空或只有标点	"[""。""]"	补全正文或删除该条（如为存目可移入 notes）
全唐诗/poet.tang.50000.json#156	李昂	塞上聽彈胡笳作（幷序）	正文为空或只有标点	"[""。""]"	补全正文或删除该条（如为存目可移入 notes）
全唐诗/poet.tang.50000.json#165	王昌齡		正文为空或只有标点	"[""。""]"	补全正文或删除该条（如为存目可移入 notes）
全唐诗/poet.tang.50000.json#189	侯休祥		正文为空或只有标点	"[""。""]"	补全正文或删除该条（如为存目可移入 notes）
全唐诗/poet.tang.50000.json#197	李休烈	過王濬墓（二首）	正文为空或只有标点	"[""。""]"	补全正文或删除该条（如为存目可移入 notes）
全唐诗/poet.tang.50000.json#296	佚名	忽有故人相問以詩代書達知己兩首	正文为空或只有标点	"[""。""]"	补全正文或删除该条（如为存目可移入 notes）
全唐诗/poet.tang.50000.json#484	王勔		正文为空或只有标点	"[""。""]"	补全正文或删除该条（如为存目可移入 notes）
全唐诗/poet.tang.50000.json#490	尹元凱		正文为空或只有标点	"[""。""]"	补全正文或删除该条（如为存目可移入 notes）
全唐诗/poet.tang.50000.json#492	溫翁念		正文为空或只有标点	"[""。""]"	补全正文或删除该条（如为存目可移入 notes）
全唐诗/poet.tang.50000.json#495	光溫古		正文为空或只有标点	"[""。""]"	补全正文或删除该条（如为存目可移入 notes）
全唐诗/poet.tang.50000.json#503	馬友鹿		正文为空或只有标点	"[""。""]"	补全正文或删除该条（如为存目可移入 notes）
全唐诗/poet.tang.50000.json#568	王英		正文为空或只有标点	"[""。""]"	补全正文或删除该条（如为存目可移入 notes）
全唐诗/poet.tang.50000.json#575	韋應物		正文为空或只有标点	"[""。""]"	补全正文或删除该条（如为存目可移入 notes）
全唐诗/poet.tang.50000.json#578	李揆		正文为空或只有标点	"[""。""]"	补全正文或删除该条（如为存目可移入 notes）
全唐诗/poet.tang.50000.json#615	軒轅偉		正文为空或只有标点	"[""。""]"	补全正文或删除该条（如为存目可移入 notes）
全唐诗/poet.tang.50000.json#625	周匡物		正文为空或只有标点	"[""。""]"	补全正文或删除该条（如为存目可移入 notes）
全唐诗/poet.tang.50000.json#631	盧元輔		正文为空或只有标点	"[""。""]"	补全正文或删除该条（如为存目可移入 notes）
全唐诗/poet.tang.50000.json#824	裴休		正文为空或只有标点	"[""。""]"	补全正文或删除该条（如为存目可移入 notes）
全唐诗/poet.tang.50000.json#827	張濬		正文为空或只有标点	"[""。""]"	补全正文或删除该条（如为存目可移入 notes）
全唐诗/poet.tang.50000.json#831	高駢	句	正文为空或只有标点	"[""。""]"	补全正文或删除该条（如为存目可移入 notes）
全唐诗/poet.tang.50000.json#859	魏璞		正文为空或只有标点	"[""。""]"	补全正文或删除该条（如为存目可移入 notes）
全唐诗/poet.tang.50000.json#865	劉蛻		正文为空或只有标点	"[""。""]"	补全正文或删除该条（如为存目可移入 notes）
全唐诗/poet.tang.50000.json#885	裴說		正文为空或只有标点	"[""。""]"	补全正文或删除该条（如为存目可移入 notes）
全唐诗/poet.tang.50000.json#945	段義宗		正文为空或只有标点	"[""。""]"	补全正文或删除该条（如为存目可移入 notes）
全唐诗/poet.tang.50000.json#954	范質		正文为空或只有标点	"[""。""]"	补全正文或删除该条（如为存目可移入 notes）
全唐诗/poet.tang.50000.json#958	李昉		正文为空或只有标点	"[""。""]"	补全正文或删除该条（如为存目可移入 notes）
全唐诗/poet.tang.50000.json#971	劉吉		正文为空或只有标点	"[""。""]"	补全正文或删除该条（如为存目可移入 notes）
全唐诗/poet.tang.50000.json#974	錢惟治		正文为空或只有标点	"[""。""]"	补全正文或删除该条（如为存目可移入 notes）
全唐诗/poet.tang.50000.json#986	程傑		正文为空或只有标点	"[""。""]"	补全正文或删除该条（如为存目可移入 notes）
全唐诗/poet.tang.50000.json#990	無名氏	挽歌五首	正文为空或只有标点	"[""。""]"	补全正文或删除该条（如为存目可移入 notes）
全唐诗/poet.tang.51000.json#3	思託		正文为空或只有标点	"[""。""]"	补全正文或删除该条（如为存目可移入 notes）
全唐诗/poet.tang.51000.json#12	贊寧		正文为空或只有标点	"[""。""]"	补全正文或删除该条（如为存目可移入 notes）
全唐诗/poet.tang.51000.json#21	吳筠		正文为空或只有标点	"[""。""]"	补全正文或删除该条（如为存目可移入 notes）
全唐诗/poet.tang.51000.json#115	許敬宗		正文为空或只有标点	"[""。""]"	补全正文或删除该条（如为存目可移入 notes）
全唐诗/poet.tang.51000.json#212	弘忍		正文为空或只有标点	"[""。""]"	补全正文或删除该条（如为存目可移入 notes）
全唐诗/poet.tang.51000.json#215	慧能		正文为空或只有标点	"[""。""]"	补全正文或删除该条（如为存目可移入 notes）
全唐诗/poet.tang.51000.json#223	元德秀		正文为空或只有标点	"[""。""]"	补全正文或删除该条（如为存目可移入 notes）
全唐诗/poet.tang.51000.json#260	李白	句	正文为空或只有标点	"[""。""]"	补全正文或删除该条（如为存目可移入 notes）
全唐诗/poet.tang.51000.json#270	劉秩		正文为空或只有标点	"[""。""]"	补全正文或删除该条（如为存目可移入 notes）
全唐诗/poet.tang.51000.json#292	戎昱		正文为空或只有标点	"[""。""]"	补全正文或删除该条（如为存目可移入 notes）
全唐诗/poet.tang.51000.json#328	韓愈		正文为空或只有标点	"[""。""]"	补全正文或删除该条（如为存目可移入 notes）
全唐诗/poet.tang.51000.json#395	李郃		正文为空或只有标点	"[""。""]"	补全正文或删除该条（如为存目可移入 notes）
全唐诗/poet.tang.51000.json#500	胡曾		正文为空或只有标点	"[""。""]"	补全正文或删除该条（如为存目可移入 notes）
全唐诗/poet.tang.51000.json#513	吳融		正文为空或只有标点	"[""。""]"	补全正文或删除该条（如为存目可移入 notes）
全唐诗/poet.tang.51000.json#521	裴說		正文为空或只有标点	"[""。""]"	补全正文或删除该条（如为存目可移入 notes）
全唐诗/poet.tang.51000.json#526	韓氏		正文为空或只有标点	"[""。""]"	补全正文或删除该条（如为存目可移入 notes）
全唐诗/poet.tang.51000.json#527	韓氏	于祐題紅葉二句	正文为空或只有标点	[]	补全正文或删除该条（如为存目可移入 notes）
全唐诗/poet.tang.51000.json#557	陶晟		正文为空或只有标点	"[""。""]"	补全正文或删除该条（如为存目可移入 notes）
全唐诗/poet.tang.51000.json#563	田敏		正文为空或只有标点	"[""。""]"	补全正文或删除该条（如为存目可移入 notes）
全唐诗/poet.tang.51000.json#566	陶穀		正文为空或只有标点	"[""。""]"	补全正文或删除该条（如为存目可移入 notes）
全唐诗/poet.tang.51000.json#569	張振祖		正文为空或只有标点	"[""。""]"	补全正文或删除该条（如为存目可移入 notes）
全唐诗/poet.tang.51000.json#575	張文伏		正文为空或只有标点	"[""。""]"	补全正文或删除该条（如为存目可移入 notes）
全唐诗/poet.tang.51000.json#583	李璟	應天長（〖1〗後主云：「先皇御製歌詞。」墨蹟在晁公留家○王國維輯《南唐二主詞》。今按：《全唐詩》八八九作李煜詞。）	正文为空或只有标点	"[""。""]"	补全正文或删除该条（如为存目可移入 notes）
全唐诗/poet.tang.51000.json#623	唐希雅		正文为空或只有标点	"[""。""]"	补全正文或删除该条（如为存目可移入 notes）
全唐诗/poet.tang.51000.json#674	任翻		正文为空或只有标点	"[""。""]"	补全正文或删除该条（如为存目可移入 notes）
全唐诗/poet.tang.51000.json#691	馮涓	酒令（涓與王司空鍇等小酌，巡故字令。鍇舉一字三呼，兩物相似。鍇令曰：）	正文为空或只有标点	"[""。""]"	补全正文或删除该条（如为存目可移入 notes）
全唐诗/poet.tang.51000.json#706	馮銖		正文为空或只有标点	"[""。""]"	补全正文或删除该条（如为存目可移入 notes）
全唐诗/poet.tang.51000.json#720	光業		正文为空或只有标点	"[""。""]"	补全正文或删除该条（如为存目可移入 notes）
全唐诗/poet.tang.51000.json#729	令狐嶠		正文为空或只有标点	"[""。""]"	补全正文或删除该条（如为存目可移入 notes）
全唐诗/poet.tang.51000.json#741	淘沙子		正文为空或只有标点	"[""。""]"	补全正文或删除该条（如为存目可移入 notes）
全唐诗/poet.tang.51000.json#757	慧稜		正文为空或只有标点	"[""。""]"	补全正文或删除该条（如为存目可移入 notes）
全唐诗/poet.tang.51000.json#777	曹菘〖1〗		正文为空或只有标点	"[""。""]"	补全正文或删除该条（如为存目可移入 notes）
全唐诗/poet.tang.52000.json#448	道鏡　善導		正文为空或只有标点	"[""。""]"	补全正文或删除该条（如为存目可移入 notes）
全唐诗/poet.tang.52000.json#471	王拊		正文为空或只有标点	"[""。""]"	补全正文或删除该条（如为存目可移入 notes）
全唐诗/poet.tang.52000.json#477	魏玄同		正文为空或只有标点	"[""。""]"	补全正文或删除该条（如为存目可移入 notes）
全唐诗/poet.tang.52000.json#630	□州司馬		正文为空或只有标点	"[""。""]"	补全正文或删除该条（如为存目可移入 notes）
全唐诗/poet.tang.52000.json#638	楊□		正文为空或只有标点	"[""。""]"	补全正文或删除该条（如为存目可移入 notes）
全唐诗/poet.tang.52000.json#642	李昂		正文为空或只有标点	"[""。""]"	补全正文或删除该条（如为存目可移入 notes）
全唐诗/poet.tang.52000.json#738	徐嶠		正文为空或只有标点	"[""。""]"	补全正文或删除该条（如为存目可移入 notes）
全唐诗/poet.tang.52000.json#750	王位之		正文为空或只有标点	"[""。""]"	补全正文或删除该条（如为存目可移入 notes）
全唐诗/poet.tang.52000.json#757	智封		正文为空或只有标点	"[""。""]"	补全正文或删除该条（如为存目可移入 notes）
全唐诗/poet.tang.52000.json#761	慈和		正文为空或只有标点	"[""。""]"	补全正文或删除该条（如为存目可移入 notes）
全唐诗/poet.tang.52000.json#765	馮待徵		正文为空或只有标点	"[""。""]"	补全正文或删除该条（如为存目可移入 notes）
全唐诗/poet.tang.52000.json#773	崔璘		正文为空或只有标点	"[""。""]"	补全正文或删除该条（如为存目可移入 notes）
全唐诗/poet.tang.52000.json#779	魏盈		正文为空或只有标点	"[""。""]"	补全正文或删除该条（如为存目可移入 notes）
全唐诗/poet.tang.52000.json#785	陸善經		正文为空或只有标点	"[""。""]"	补全正文或删除该条（如为存目可移入 notes）
全唐诗/poet.tang.52000.json#828	齊光乂		正文为空或只有标点	"[""。""]"	补全正文或删除该条（如为存目可移入 notes）
全唐诗/poet.tang.52000.json#923	張誠		正文为空或只有标点	"[""。""]"	补全正文或删除该条（如为存目可移入 notes）
全唐诗/poet.tang.52000.json#948	鄭轅		正文为空或只有标点	"[""。""]"	补全正文或删除该条（如为存目可移入 notes）
全唐诗/poet.tang.52000.json#952	崔全素		正文为空或只有标点	"[""。""]"	补全正文或删除该条（如为存目可移入 notes）
全唐诗/poet.tang.52000.json#997	崔生		正文为空或只有标点	"[""。""]"	补全正文或删除该条（如为存目可移入 notes）
全唐诗/poet.tang.53000.json#0	路應		正文为空或只有标点	"[""。""]"	补全正文或删除该条（如为存目可移入 notes）
全唐诗/poet.tang.53000.json#9	張翔		正文为空或只有标点	"[""。""]"	补全正文或删除该条（如为存目可移入 notes）
全唐诗/poet.tang.53000.json#54	論惟明		正文为空或只有标点	"[""。""]"	补全正文或删除该条（如为存目可移入 notes）
全唐诗/poet.tang.53000.json#66	李博士		正文为空或只有标点	"[""。""]"	补全正文或删除该条（如为存目可移入 notes）
全唐诗/poet.tang.53000.json#88	殷濟	夢歸還	正文为空或只有标点	"[""。""]"	补全正文或删除该条（如为存目可移入 notes）
全唐诗/poet.tang.53000.json#95	張芬		正文为空或只有标点	"[""。""]"	补全正文或删除该条（如为存目可移入 notes）
全唐诗/poet.tang.53000.json#103	青霞子		正文为空或只有标点	"[""。""]"	补全正文或删除该条（如为存目可移入 notes）
全唐诗/poet.tang.53000.json#139	陳詡		正文为空或只有标点	"[""。""]"	补全正文或删除该条（如为存目可移入 notes）
全唐诗/poet.tang.53000.json#152	行滿		正文为空或只有标点	"[""。""]"	补全正文或删除该条（如为存目可移入 notes）
全唐诗/poet.tang.53000.json#364	順宗皇帝李誦	問如滿禪師 一	正文为空或只有标点	[]	补全正文或删除该条（如为存目可移入 notes）
全唐诗/poet.tang.53000.json#366	如滿		正文为空或只有标点	"[""。""]"	补全正文或删除该条（如为存目可移入 notes）
全唐诗/poet.tang.53000.json#385	路黃中		正文为空或只有标点	"[""。""]"	补全正文或删除该条（如为存目可移入 notes）
全唐诗/poet.tang.53000.json#418	米嶺和尚		正文为空或只有标点	"[""。""]"	补全正文或删除该条（如为存目可移入 notes）
全唐诗/poet.tang.53000.json#421	李直方		正文为空或只有标点	"[""。""]"	补全正文或删除该条（如为存目可移入 notes）
全唐诗/poet.tang.53000.json#437	崔備		正文为空或只有标点	"[""。""]"	补全正文或删除该条（如为存目可移入 notes）
全唐诗/poet.tang.53000.json#480	薛昌朝		正文为空或只有标点	"[""。""]"	补全正文或删除该条（如为存目可移入 notes）
全唐诗/poet.tang.53000.json#594	范酇		正文为空或只有标点	"[""。""]"	补全正文或删除该条（如为存目可移入 notes）
全唐诗/poet.tang.53000.json#598	陸亘		正文为空或只有标点	"[""。""]"	补全正文或删除该条（如为存目可移入 notes）
全唐诗/poet.tang.53000.json#605	崔覲		正文为空或只有标点	"[""。""]"	补全正文或删除该条（如为存目可移入 notes）
全唐诗/poet.tang.53000.json#670	張又新	永嘉百詠 滴水卷	正文为空或只有标点	"[""。""]"	补全正文或删除该条（如为存目可移入 notes）
全唐诗/poet.tang.53000.json#679	吳士矩		正文为空或只有标点	"[""。""]"	补全正文或删除该条（如为存目可移入 notes）
全唐诗/poet.tang.53000.json#692	陳嘏		正文为空或只有标点	"[""。""]"	补全正文或删除该条（如为存目可移入 notes）
全唐诗/poet.tang.53000.json#697	開成時儒	送義存出家（題擬）	正文为空或只有标点	"[""。""]"	补全正文或删除该条（如为存目可移入 notes）
全唐诗/poet.tang.53000.json#715	路單		正文为空或只有标点	"[""。""]"	补全正文或删除该条（如为存目可移入 notes）
全唐诗/poet.tang.53000.json#737	賀蘭朋吉		正文为空或只有标点	"[""。""]"	补全正文或删除该条（如为存目可移入 notes）
全唐诗/poet.tang.53000.json#743	白居易		正文为空或只有标点	"[""。""]"	补全正文或删除该条（如为存目可移入 notes）
全唐诗/poet.tang.53000.json#887	希運		正文为空或只有标点	"[""。""]"	补全正文或删除该条（如为存目可移入 notes）
全唐诗/poet.tang.53000.json#890	李褒		正文为空或只有标点	"[""。""]"	补全正文或删除该条（如为存目可移入 notes）
全唐诗/poet.tang.53000.json#927	景導		正文为空或只有标点	"[""。""]"	补全正文或删除该条（如为存目可移入 notes）
全唐诗/poet.tang.53000.json#966	智真	偈	正文为空或只有标点	"[""。""]"	补全正文或删除该条（如为存目可移入 notes）
全唐诗/poet.tang.53000.json#976	義玄		正文为空或只有标点	"[""。""]"	补全正文或删除该条（如为存目可移入 notes）
全唐诗/poet.tang.54000.json#34	良价	五位君臣頌	正文为空或只有标点	"[""。""]"	补全正文或删除该条（如为存目可移入 notes）
全唐诗/poet.tang.54000.json#58	嚴都		正文为空或只有标点	"[""。""]"	补全正文或删除该条（如为存目可移入 notes）
全唐诗/poet.tang.54000.json#70	劉瞻		正文为空或只有标点	"[""。""]"	补全正文或删除该条（如为存目可移入 notes）
全唐诗/poet.tang.54000.json#73	盧庠	送張曄赴舉	正文为空或只有标点	"[""。""]"	补全正文或删除该条（如为存目可移入 notes）
全唐诗/poet.tang.54000.json#107	陳蓬		正文为空或只有标点	"[""。""]"	补全正文或删除该条（如为存目可移入 notes）
全唐诗/poet.tang.54000.json#131	陸龜蒙		正文为空或只有标点	"[""。""]"	补全正文或删除该条（如为存目可移入 notes）
全唐诗/poet.tang.54000.json#153	慧寂		正文为空或只有标点	"[""。""]"	补全正文或删除该条（如为存目可移入 notes）
全唐诗/poet.tang.54000.json#163	麻衣禪師		正文为空或只有标点	"[""。""]"	补全正文或删除该条（如为存目可移入 notes）
全唐诗/poet.tang.54000.json#177	還陽子		正文为空或只有标点	"[""。""]"	补全正文或删除该条（如为存目可移入 notes）
全唐诗/poet.tang.54000.json#208	劉崇龜		正文为空或只有标点	"[""。""]"	补全正文或删除该条（如为存目可移入 notes）
全唐诗/poet.tang.54000.json#211	文炬		正文为空或只有标点	"[""。""]"	补全正文或删除该条（如为存目可移入 notes）
全唐诗/poet.tang.54000.json#252	本寂	五相偈	正文为空或只有标点	"[""。""]"	补全正文或删除该条（如为存目可移入 notes）
全唐诗/poet.tang.54000.json#266	余鎬		正文为空或只有标点	"[""。""]"	补全正文或删除该条（如为存目可移入 notes）
全唐诗/poet.tang.54000.json#274	洪諲		正文为空或只有标点	"[""。""]"	补全正文或删除该条（如为存目可移入 notes）
全唐诗/poet.tang.54000.json#338	趙崇		正文为空或只有标点	"[""。""]"	补全正文或删除该条（如为存目可移入 notes）
全唐诗/poet.tang.54000.json#358	李標		正文为空或只有标点	"[""。""]"	补全正文或删除该条（如为存目可移入 notes）
全唐诗/poet.tang.54000.json#366	司空圖		正文为空或只有标点	"[""。""]"	补全正文或删除该条（如为存目可移入 notes）
全唐诗/poet.tang.54000.json#381	黃璞		正文为空或只有标点	"[""。""]"	补全正文或删除该条（如为存目可移入 notes）
全唐诗/poet.tang.54000.json#385	吳畦		正文为空或只有标点	"[""。""]"	补全正文或删除该条（如为存目可移入 notes）
全唐诗/poet.tang.54000.json#603	易靜	兵要望江南 占雷第九（京本列第二十五○三十一首）	正文为空或只有标点	"[""。""]"	补全正文或删除该条（如为存目可移入 notes）
全唐诗/poet.tang.55000.json#198	敬新磨		正文为空或只有标点	"[""。""]"	补全正文或删除该条（如为存目可移入 notes）
全唐诗/poet.tang.55000.json#218	李愚		正文为空或只有标点	"[""。""]"	补全正文或删除该条（如为存目可移入 notes）
全唐诗/poet.tang.55000.json#221	程遜		正文为空或只有标点	"[""。""]"	补全正文或删除该条（如为存目可移入 notes）
全唐诗/poet.tang.55000.json#233	李鶚		正文为空或只有标点	"[""。""]"	补全正文或删除该条（如为存目可移入 notes）
全唐诗/poet.tang.55000.json#237	徐台符		正文为空或只有标点	"[""。""]"	补全正文或删除该条（如为存目可移入 notes）
全唐诗/poet.tang.55000.json#277	竇儀		正文为空或只有标点	"[""。""]"	补全正文或删除该条（如为存目可移入 notes）
全唐诗/poet.tang.55000.json#289	延沼	答西蜀歐陽侍郎頌（題擬）	正文为空或只有标点	"[""。""]"	补全正文或删除该条（如为存目可移入 notes）
全唐诗/poet.tang.55000.json#290	延沼	答西蜀歐陽侍郎頌（題擬） 一	正文为空或只有标点	[]	补全正文或删除该条（如为存目可移入 notes）
全唐诗/poet.tang.55000.json#296	駱仲舒		正文为空或只有标点	"[""。""]"	补全正文或删除该条（如为存目可移入 notes）
全唐诗/poet.tang.55000.json#318	歸曉		正文为空或只有标点	"[""。""]"	补全正文或删除该条（如为存目可移入 notes）
全唐诗/poet.tang.55000.json#325	楊夔		正文为空或只有标点	"[""。""]"	补全正文或删除该条（如为存目可移入 notes）
全唐诗/poet.tang.55000.json#329	謝建		正文为空或只有标点	"[""。""]"	补全正文或删除该条（如为存目可移入 notes）
全唐诗/poet.tang.55000.json#334	徐知證		正文为空或只有标点	"[""。""]"	补全正文或删除该条（如为存目可移入 notes）
全唐诗/poet.tang.55000.json#341	江文蔚		正文为空或只有标点	"[""。""]"	补全正文或删除该条（如为存目可移入 notes）
全唐诗/poet.tang.55000.json#410	用虛		正文为空或只有标点	"[""。""]"	补全正文或删除该条（如为存目可移入 notes）
全唐诗/poet.tang.55000.json#415	梅遠		正文为空或只有标点	"[""。""]"	补全正文或删除该条（如为存目可移入 notes）
全唐诗/poet.tang.55000.json#423	泰欽		正文为空或只有标点	"[""。""]"	补全正文或删除该条（如为存目可移入 notes）
全唐诗/poet.tang.55000.json#453	王仲簡		正文为空或只有标点	"[""。""]"	补全正文或删除该条（如为存目可移入 notes）
全唐诗/poet.tang.55000.json#463	李煜		正文为空或只有标点	"[""。""]"	补全正文或删除该条（如为存目可移入 notes）
全唐诗/poet.tang.55000.json#533	薛正明		正文为空或只有标点	"[""。""]"	补全正文或删除该条（如为存目可移入 notes）
全唐诗/poet.tang.55000.json#539	小靜		正文为空或只有标点	"[""。""]"	补全正文或删除该条（如为存目可移入 notes）
全唐诗/poet.tang.55000.json#564	麗天和尚		正文为空或只有标点	"[""。""]"	补全正文或删除该条（如为存目可移入 notes）
全唐诗/poet.tang.55000.json#687	本先		正文为空或只有标点	"[""。""]"	补全正文或删除该条（如为存目可移入 notes）
全唐诗/poet.tang.55000.json#692	錢惟治	春日登大悲閣二首（一字至七字）	正文为空或只有标点	"[""。""]"	补全正文或删除该条（如为存目可移入 notes）
全唐诗/poet.tang.55000.json#697	錢昱		正文为空或只有标点	"[""。""]"	补全正文或删除该条（如为存目可移入 notes）
全唐诗/poet.tang.55000.json#770	王十八郎		正文为空或只有标点	"[""。""]"	补全正文或删除该条（如为存目可移入 notes）
全唐诗/poet.tang.55000.json#783	慧救		正文为空或只有标点	"[""。""]"	补全正文或删除该条（如为存目可移入 notes）
全唐诗/poet.tang.55000.json#788	王審知		正文为空或只有标点	"[""。""]"	补全正文或删除该条（如为存目可移入 notes）
全唐诗/poet.tang.55000.json#798	如體		正文为空或只有标点	"[""。""]"	补全正文或删除该条（如为存目可移入 notes）
全唐诗/poet.tang.55000.json#808	陳文亮		正文为空或只有标点	"[""。""]"	补全正文或删除该条（如为存目可移入 notes）
全唐诗/poet.tang.55000.json#813	玄應		正文为空或只有标点	"[""。""]"	补全正文或删除该条（如为存目可移入 notes）
全唐诗/poet.tang.55000.json#820	錢熙		正文为空或只有标点	"[""。""]"	补全正文或删除该条（如为存目可移入 notes）
全唐诗/poet.tang.55000.json#941	李觀象		正文为空或只有标点	"[""。""]"	补全正文或删除该条（如为存目可移入 notes）
全唐诗/poet.tang.55000.json#964	程嵩		正文为空或只有标点	"[""。""]"	补全正文或删除该条（如为存目可移入 notes）
全唐诗/poet.tang.55000.json#976	文偃		正文为空或只有标点	"[""。""]"	补全正文或删除该条（如为存目可移入 notes）
全唐诗/poet.tang.56000.json#224	宋光嗣		正文为空或只有标点	"[""。""]"	补全正文或删除该条（如为存目可移入 notes）
全唐诗/poet.tang.56000.json#262	李堯夫		正文为空或只有标点	"[""。""]"	补全正文或删除该条（如为存目可移入 notes）
全唐诗/poet.tang.56000.json#287	吳翊		正文为空或只有标点	"[""。""]"	补全正文或删除该条（如为存目可移入 notes）
全唐诗/poet.tang.56000.json#324	姚贊		正文为空或只有标点	"[""。""]"	补全正文或删除该条（如为存目可移入 notes）
全唐诗/poet.tang.56000.json#331	孫宗閔		正文为空或只有标点	"[""。""]"	补全正文或删除该条（如为存目可移入 notes）
全唐诗/poet.tang.56000.json#370	陳從道		正文为空或只有标点	"[""。""]"	补全正文或删除该条（如为存目可移入 notes）
全唐诗/poet.tang.56000.json#453	白雲仙人	靈草歌 大道草	正文为空或只有标点	"[""。""]"	补全正文或删除该条（如为存目可移入 notes）
全唐诗/poet.tang.56000.json#481	朱君緒		正文为空或只有标点	"[""。""]"	补全正文或删除该条（如为存目可移入 notes）
全唐诗/poet.tang.56000.json#495	柳沖用		正文为空或只有标点	"[""。""]"	补全正文或删除该条（如为存目可移入 notes）
全唐诗/poet.tang.56000.json#542	韓蘊中		正文为空或只有标点	"[""。""]"	补全正文或删除该条（如为存目可移入 notes）
全唐诗/poet.tang.56000.json#775	不詳	沈警遇仙張女郎廟詩（題擬） 吟畢聞簾外歎賞之聲復云	正文为空或只有标点	[]	补全正文或删除该条（如为存目可移入 notes）
全唐诗/poet.tang.57000.json#272	徐成	王良百一歌 起臥	正文为空或只有标点	"[""。""]"	补全正文或删除该条（如为存目可移入 notes）
全唐诗/poet.tang.57000.json#547	無名氏	援寡階詩	正文为空或只有标点	"[""。""]"	补全正文或删除该条（如为存目可移入 notes）
全唐诗/poet.song.2000.json#48	宋太宗	迴文偈二首  其二	正文为空或只有标点	[]	补全正文或删除该条（如为存目可移入 notes）
全唐诗/poet.song.106000.json#587	黄元道	句  其二	正文为空或只有标点	[]	补全正文或删除该条（如为存目可移入 notes）
全唐诗/poet.song.123000.json#801	周麟之	望秦川歌  其一	正文含空段	"[""明皇幸蜀，一日登高山望秦川，謂高力士曰：“吾聽張九齡言，不至此。"", ""”馬上吹笛爲曲，號《謫仙怨》，今亡焉。"", "	删除空段
全唐诗/poet.song.155000.json#196	魏幾	句	正文为空或只有标点	[]	补全正文或删除该条（如为存目可移入 notes）
全唐诗/poet.song.192000.json#242	戴栩	上丞相壽  其一	正文为空或只有标点	[]	补全正文或删除该条（如为存目可移入 notes）
全唐诗/poet.song.192000.json#244	戴栩	上丞相壽  其三	正文为空或只有标点	[]	补全正文或删除该条（如为存目可移入 notes）
全唐诗/poet.song.192000.json#246	戴栩	上丞相壽  其五	正文为空或只有标点	[]	补全正文或删除该条（如为存目可移入 notes）
全唐诗/poet.song.192000.json#248	戴栩	上丞相壽  其七	正文为空或只有标点	[]	补全正文或删除该条（如为存目可移入 notes）
全唐诗/poet.song.192000.json#250	戴栩	上丞相壽  其九	正文为空或只有标点	[]	补全正文或删除该条（如为存目可移入 notes）
全唐诗/poet.song.192000.json#252	戴栩	上丞相壽  其一一	正文为空或只有标点	[]	补全正文或删除该条（如为存目可移入 notes）
全唐诗/poet.song.192000.json#254	戴栩	上丞相壽  其一三	正文为空或只有标点	[]	补全正文或删除该条（如为存目可移入 notes）
全唐诗/poet.song.192000.json#256	戴栩	上丞相壽  其一五	正文为空或只有标点	[]	补全正文或删除该条（如为存目可移入 notes）
全唐诗/poet.song.192000.json#258	戴栩	上丞相壽  其一七	正文为空或只有标点	[]	补全正文或删除该条（如为存目可移入 notes）
全唐诗/poet.song.192000.json#260	戴栩	上丞相壽  其一九	正文为空或只有标点	[]	补全正文或删除该条（如为存目可移入 notes）
全唐诗/poet.song.192000.json#262	戴栩	上丞相壽  其二一	正文为空或只有标点	[]	补全正文或删除该条（如为存目可移入 notes）
全唐诗/poet.song.192000.json#264	戴栩	上丞相壽  其二三	正文为空或只有标点	[]	补全正文或删除该条（如为存目可移入 notes）
全唐诗/poet.song.192000.json#266	戴栩	上丞相壽  其二五	正文为空或只有标点	[]	补全正文或删除该条（如为存目可移入 notes）
全唐诗/poet.song.192000.json#268	戴栩	上丞相壽  其二七	正文为空或只有标点	[]	补全正文或删除该条（如为存目可移入 notes）
全唐诗/poet.song.192000.json#270	戴栩	上丞相壽  其二九	正文为空或只有标点	[]	补全正文或删除该条（如为存目可移入 notes）
全唐诗/poet.song.192000.json#272	戴栩	上丞相壽  其三一	正文为空或只有标点	[]	补全正文或删除该条（如为存目可移入 notes）
全唐诗/poet.song.192000.json#274	戴栩	上丞相壽  其三三	正文为空或只有标点	[]	补全正文或删除该条（如为存目可移入 notes）
全唐诗/poet.song.192000.json#276	戴栩	上丞相壽  其三五	正文为空或只有标点	[]	补全正文或删除该条（如为存目可移入 notes）
全唐诗/poet.song.192000.json#278	戴栩	上丞相壽  其三七	正文为空或只有标点	[]	补全正文或删除该条（如为存目可移入 notes）
全唐诗/poet.song.192000.json#280	戴栩	上丞相壽  其三九	正文为空或只有标点	[]	补全正文或删除该条（如为存目可移入 notes）
全唐诗/poet.song.229000.json#496	馬廷鸞	題楊妃唾壺圖	正文含空段	"[""三郎好女思傾國，一霎沉酣四海奔。"", ""漢業巍巍英主事，內庭供奉孔家孫。"", ""漢武帝時執此物者侍中孔安國也，唐明皇"	删除空段
元曲/yuanqu.json#84	关汉卿	尾・对着盏半明不灭的孤灯双眉皱，冷清清没个人瞅，谁解春衫纽儿扣？	正文为空或只有标点	[]	补全正文或删除该条（如为存目可移入 notes）
元曲/yuanqu.json#89	关汉卿	尾・展放征旗任谁走，庙算神谟必应口。一管笔在手，敢搦孙吴兵斗。	正文为空或只有标点	[]	补全正文或删除该条（如为存目可移入 notes）
元曲/yuanqu.json#108	关汉卿	尾・料应也不得为烟眷。有了神前咒怨，为甚脚儿稀，尺紧的阳台路儿远。	正文为空或只有标点	[]	补全正文或删除该条（如为存目可移入 notes）
元曲/yuanqu.json#115	关汉卿	乔牌儿・这番天对勘，非是俺愚滥。相知每侧脚里来轰减，盖因他酒半酣。	正文为空或只有标点	[]	补全正文或删除该条（如为存目可移入 notes）
元曲/yuanqu.json#128	关汉卿	山石榴・阻鸾凰，分莺燕，马头咫尺天涯远，易去难相见。	正文为空或只有标点	[]	补全正文或删除该条（如为存目可移入 notes）
元曲/yuanqu.json#129	关汉卿	幺・心间愁万千，不能言。当时月枕歌眷恋，到如今翻作《阳关》怨。	正文为空或只有标点	[]	补全正文或删除该条（如为存目可移入 notes）
元曲/yuanqu.json#134	关汉卿	阿那忽・酒劝到跟前，只办的推延。桃花去年人面，偏怎生冷落了今年。	正文为空或只有标点	[]	补全正文或删除该条（如为存目可移入 notes）
元曲/yuanqu.json#155	关汉卿	余文・薄情忘却神前咒，一度思量一度愁，把往日恩情付水流。	正文为空或只有标点	[]	补全正文或删除该条（如为存目可移入 notes）
元曲/yuanqu.json#258	杨维桢	尾声・越王百计吞吴地，归去层台高起，只今亦是鹧鸪飞处。	正文为空或只有标点	[]	补全正文或删除该条（如为存目可移入 notes）
元曲/yuanqu.json#262	蒲察善长	雁儿落・常想花前携手行，月下肩相并。罗被翻浪红，玉腕相交定。	正文为空或只有标点	[]	补全正文或删除该条（如为存目可移入 notes）
元曲/yuanqu.json#269	白贲	・觉来时满眼青山，抖擞绿蓑归去。算从前错怨天公，甚也有安排我处。	正文为空或只有标点	[]	补全正文或删除该条（如为存目可移入 notes）
元曲/yuanqu.json#282	白贲	阿那胡・常记得当时那况味，堪咏堪题。取次钗分瓶坠，上心来伤悲。	正文为空或只有标点	[]	补全正文或删除该条（如为存目可移入 notes）
元曲/yuanqu.json#436	王伯成	收尾・甲配了庚，离应了坎。是非不在天公鉴，那道轮回近得俺。	正文为空或只有标点	[]	补全正文或删除该条（如为存目可移入 notes）
元曲/yuanqu.json#734	童童学士	尾・金樽饮罢雕鞍控，畅好是受用文章巨公。比北海福无穷，似南山寿长	正文为空或只有标点	[]	补全正文或删除该条（如为存目可移入 notes）
元曲/yuanqu.json#739	童童学士	雁儿落・谁拦截巫女峡？谁改变崔徽画？谁糊突汉上衿？谁扯破秋云帕？	正文为空或只有标点	[]	补全正文或删除该条（如为存目可移入 notes）
元曲/yuanqu.json#845	杜仁杰	尾・人生愿得同欢会，把四季良辰须记，乞巧年年庆七夕。	正文为空或只有标点	[]	补全正文或删除该条（如为存目可移入 notes）
元曲/yuanqu.json#847	杜仁杰	乔牌儿・去绝心上苦，参透静中趣。春潮尽日舟横渡，风波无赖阻。	正文为空或只有标点	[]	补全正文或删除该条（如为存目可移入 notes）
元曲/yuanqu.json#1034	高明	前腔・一簇红蓼相映白频洲，傍水芙蓉两岸秋，想他娇艳倦凝眸。合前	正文为空或只有标点	[]	补全正文或删除该条（如为存目可移入 notes）
元曲/yuanqu.json#1035	高明	前腔・无情红叶偏向御沟流，诗句上分明永配偶，对景触目恨悠悠。合前	正文为空或只有标点	[]	补全正文或删除该条（如为存目可移入 notes）
元曲/yuanqu.json#1036	高明	余音・一年好景还依旧，正橘绿橙黄时候，强把金樽开怀断送秋。	正文为空或只有标点	[]	补全正文或删除该条（如为存目可移入 notes）
元曲/yuanqu.json#1240	薛昂夫	幺篇・残红妆点青苔径，又一番春色飘零。游丝心绪柳花情，还似郎无定。	正文为空或只有标点	[]	补全正文或删除该条（如为存目可移入 notes）
元曲/yuanqu.json#2127	任昱	・朝朝寒食笙歌奏，百年间有限风流。玳瑁筵，葡萄酒；殷勤红袖，莫惜捧金瓯。	正文为空或只有标点	[]	补全正文或删除该条（如为存目可移入 notes）
元曲/yuanqu.json#2218	费唐臣	苏子瞻风雪贬黄州・紫花儿序)见于些鸥行鹭聚，经了些鹤怨猿啼，盼了些凤舞龙飞。往常间胸藏星斗，气吐虹霓，依旧中原一布衣。挥剑长叹，只被金谷石崇，傲杀陋巷颜回。/	正文为空或只有标点	[]	补全正文或删除该条（如为存目可移入 notes）
元曲/yuanqu.json#2289	郑光祖	尾南・我青春，他年少，玉箫终久遇韦皋，万苦千辛休忘了。	正文为空或只有标点	[]	补全正文或删除该条（如为存目可移入 notes）
元曲/yuanqu.json#2338	杨景贤	寄生草	正文为空或只有标点	[]	补全正文或删除该条（如为存目可移入 notes）
元曲/yuanqu.json#2745	无名氏《张协状元》	同前	正文为空或只有标点	"[""……。""]"	补全正文或删除该条（如为存目可移入 notes）
元曲/yuanqu.json#3247	李唐宾	乔牌儿・韩香空妄想，何粉怎承望。怪灵鹊不离花枝上，又来没事谎。	正文为空或只有标点	[]	补全正文或删除该条（如为存目可移入 notes）
元曲/yuanqu.json#3308	兰楚芳	尾声・三四摺裙搀且休藉，九回肠解放些些，量这数截断弦须要接。	正文为空或只有标点	[]	补全正文或删除该条（如为存目可移入 notes）
元曲/yuanqu.json#3329	赵君祥	乔牌儿・绣针儿怕待亲，腮斗儿粉香褪。莺慵燕懒清明近，把闲情相逗引。	正文为空或只有标点	[]	补全正文或删除该条（如为存目可移入 notes）
元曲/yuanqu.json#3374	范居中	尾声・往事后期空记省，我正是桃叶桃根各尽伤。	正文为空或只有标点	[]	补全正文或删除该条（如为存目可移入 notes）
元曲/yuanqu.json#3378	范居中	尾声北・动止幸然俱无恙，画堂内别是风光，散却离忧重欢畅。	正文为空或只有标点	[]	补全正文或删除该条（如为存目可移入 notes）
元曲/yuanqu.json#3494	王元和	余音・眠思梦想如花貌，这愁烦谁人知道，守着这一盏残灯昏沉沉坐到晓。	正文为空或只有标点	[]	补全正文或删除该条（如为存目可移入 notes）
元曲/yuanqu.json#3574	狄君厚	乔牌儿・悲时空懊恼，抚景慢行乐。江山风物宜年少，散千金常醉倒。	正文为空或只有标点	[]	补全正文或删除该条（如为存目可移入 notes）
元曲/yuanqu.json#4106	程景初	乔牌儿・日高犹自眠，病体尚嫌倦。细将往事思量遍，越无心整翠钿。	正文为空或只有标点	[]	补全正文或删除该条（如为存目可移入 notes）
元曲/yuanqu.json#4114	吕止庵	仙吕・翠裙腰缠令	正文为空或只有标点	[]	补全正文或删除该条（如为存目可移入 notes）
元曲/yuanqu.json#4133	吕止庵	乔牌儿・再不将风月参，勾断欠余滥。偶因那日相逢处，两情牵，他共俺。	正文为空或只有标点	[]	补全正文或删除该条（如为存目可移入 notes）
元曲/yuanqu.json#4185	王实甫	张君瑞庆团园(第五本)・麻郎儿)他出家儿慈悲为本，方便为门。横死眼不识好人，招祸口不知分寸。/	正文为空或只有标点	[]	补全正文或删除该条（如为存目可移入 notes）
元曲/yuanqu.json#4210	景元启	雁儿落・蛾眉翡翠钿，玉腕黄金钏。酥胸兰麝香，檀口丁香煎。	正文为空或只有标点	[]	补全正文或删除该条（如为存目可移入 notes）
元曲/yuanqu.json#4233	汤舜民	・昏昏一枕梅花梦，觉来嘱咐山童：柏叶杯，椒花颂。管弦齐动，明日送残冬。	正文为空或只有标点	[]	补全正文或删除该条（如为存目可移入 notes）
元曲/yuanqu.json#4247	汤舜民	乔牌儿・业眼儿才待交，丫鬟早来报。揽衣推枕掀帘幕，共多情厮撞着。	正文为空或只有标点	[]	补全正文或删除该条（如为存目可移入 notes）
元曲/yuanqu.json#4257	汤舜民	乔牌儿・汝阳斋曾笑谈，凤月所试评鉴。贾充宅不许儒生探，冷清清谁愿	正文为空或只有标点	[]	补全正文或删除该条（如为存目可移入 notes）
元曲/yuanqu.json#4388	汤舜民	尾声南・天还许福分招，带绾个同心到老，办炷明香每夜烧。	正文为空或只有标点	[]	补全正文或删除该条（如为存目可移入 notes）
元曲/yuanqu.json#4481	姚燧	乔牌儿・闷怀双泪涌，恨锁两眉纵。自从执手河梁送，离愁天地永。	正文为空或只有标点	[]	补全正文或删除该条（如为存目可移入 notes）
元曲/yuanqu.json#4482	姚燧	雁儿落・琴闲吴爨桐，箫歇秦台风。歌停天上谣，曲罢江南弄。	正文为空或只有标点	[]	补全正文或删除该条（如为存目可移入 notes）
元曲/yuanqu.json#4650	高秀文	馀文・佳期不得同欢庆，梦儿里和伊言甚？盼杀鸡声天又明。	正文为空或只有标点	[]	补全正文或删除该条（如为存目可移入 notes）
元曲/yuanqu.json#4808	鲜于枢	尾・浪滂滂，水茫茫，小舟斜缆坏桥桩。纶竿蓑笠，落梅风里钓寒江。	正文为空或只有标点	[]	补全正文或删除该条（如为存目可移入 notes）
元曲/yuanqu.json#4910	高明《蔡伯喈琵琶记》	(鹧鸪天)宋玉才多未足称，子云识字/	正文为空或只有标点	[]	补全正文或删除该条（如为存目可移入 notes）
元曲/yuanqu.json#5302	胡用和	尾声・歌楼对酒楼，山光映水光，倩良工写在帏屏上，留与诗人慢慢赏。	正文为空或只有标点	[]	补全正文或删除该条（如为存目可移入 notes）
元曲/yuanqu.json#5314	庾吉甫	幺・嫩玉，肌肤，会调弦理管，能歌妙舞。从别后，有谁拘束？	正文为空或只有标点	[]	补全正文或删除该条（如为存目可移入 notes）
元曲/yuanqu.json#5450	朱庭玉	幺・清耳目，欲慕许由家。苔砌倦观群蚁阵，花房嫌听乱蜂衙，犹是厌喧	正文为空或只有标点	[]	补全正文或删除该条（如为存目可移入 notes）
元曲/yuanqu.json#5451	朱庭玉	憨郭郎・醉醒须在咱，清浊任从他。竞名利，争头角，若蝇蜗。	正文为空或只有标点	[]	补全正文或删除该条（如为存目可移入 notes）
元曲/yuanqu.json#5458	朱庭玉	憨郭郎・云封姑射洞，雾锁蕊珠宫。人去箫声断，两无踪。	正文为空或只有标点	[]	补全正文或删除该条（如为存目可移入 notes）
元曲/yuanqu.json#5470	朱庭玉	随煞・归去也，夜未央。棹行时拨散浮萍浪，船过处冲开菡萏香。	正文为空或只有标点	[]	补全正文或删除该条（如为存目可移入 notes）
元曲/yuanqu.json#5473	朱庭玉	庆宣和・十二帘钩闲控玉，尚掩流苏。嫩寒犹怯透罗襦，绣帏，未出。	正文为空或只有标点	[]	补全正文或删除该条（如为存目可移入 notes）
元曲/yuanqu.json#5476	朱庭玉	庆宣和・仙鼠翻风舞画楹，月色偏明。地龙经雨唱空庭，露华，乍冷。	正文为空或只有标点	[]	补全正文或删除该条（如为存目可移入 notes）
元曲/yuanqu.json#5480	朱庭玉	庆宣和・若是自家空藏瓶，梦撒撩丁，花姑不重女猱轻，任谁，见哽。	正文为空或只有标点	[]	补全正文或删除该条（如为存目可移入 notes）
元曲/yuanqu.json#5500	朱庭玉	余文・千言万语都休讲，分付冤家要主张。终有日相逢，我也不与你较短	正文为空或只有标点	[]	补全正文或删除该条（如为存目可移入 notes）
元曲/yuanqu.json#5593	贯云石	尾声・阴晴昼永皆行乐，古往今来题咏多，雪月风花事事可。	正文为空或只有标点	[]	补全正文或删除该条（如为存目可移入 notes）
元曲/yuanqu.json#5596	贯云石	尾・薄幸亏人难禁受，想着那樽席上捻色风流，不良杀教人下不得咒。	正文为空或只有标点	[]	补全正文或删除该条（如为存目可移入 notes）
元曲/yuanqu.json#5599	贯云石	金蕉叶・一曲阳关未已，两字功名去急。四海离愁去国，半霎儿难忘恩德。	正文为空或只有标点	[]	补全正文或删除该条（如为存目可移入 notes）
元曲/yuanqu.json#5604	贯云石	金蕉叶・见他眉来眼去，俺早心满愿足。他道是抛砖引玉，俺却道因祸致	正文为空或只有标点	[]	补全正文或删除该条（如为存目可移入 notes）
元曲/yuanqu.json#5749	宋方壶	神仗儿・唤梢公忙答应，休要意挣！谁敢道是半霎消停，直赶到豫章城！	正文为空或只有标点	[]	补全正文或删除该条（如为存目可移入 notes）
元曲/yuanqu.json#5783	白朴	幺篇・独倚危楼，十二珠帘挂，风萧飒。雨晴云乍，极目山如画。	正文为空或只有标点	[]	补全正文或删除该条（如为存目可移入 notes）
元曲/yuanqu.json#5795	白朴	尾声・兰舟定把芦花过，橹声省可里高声和。恐惊散宿鸳鸯，两飞分也似	正文为空或只有标点	[]	补全正文或删除该条（如为存目可移入 notes）
元曲/yuanqu.json#5797	白朴	幺篇・恰春光也，梅子黄时节，映日榴花红似血。胡葵开满院，碎剪宫缬。	正文为空或只有标点	[]	补全正文或删除该条（如为存目可移入 notes）
元曲/yuanqu.json#5801	白朴	尾声・少年枕上欢，怀中酒好天良夜，休辜负了锦堂风月。	正文为空或只有标点	[]	补全正文或删除该条（如为存目可移入 notes）
元曲/yuanqu.json#5907	刘庭信	煞尾・眠思梦想，悲楚凄凉，再不去花月亭前烧夜香。	正文为空或只有标点	[]	补全正文或删除该条（如为存目可移入 notes）
元曲/yuanqu.json#5927	刘庭信	尾声・轻声度艳歌，淡妆凝素粉。东风满地残红褪，一刻千金意不肯。	正文为空或只有标点	[]	补全正文或删除该条（如为存目可移入 notes）
元曲/yuanqu.json#5938	刘庭信	庆宣和・花有清香月有阴，一刻千金。辜负良霄可怜甚，问审，问审。	正文为空或只有标点	[]	补全正文或删除该条（如为存目可移入 notes）
元曲/yuanqu.json#6000	张可久	・东坡旧日题诗处，喜无人任我歌呼。半醉时，秋山暮，一行白鹭，万朵锦芙蕖。	正文为空或只有标点	[]	补全正文或删除该条（如为存目可移入 notes）
元曲/yuanqu.json#6041	张可久	幺・想梅花梦到孤山，又逐雪鸿南去。寨儿中燕侣莺俦，远望我认旗指出。	正文为空或只有标点	[]	补全正文或删除该条（如为存目可移入 notes）
元曲/yuanqu.json#6290	刘时中	雁儿落・谁知我汗血功？谁想我垂缰义？谁怜我千里才？谁识我千钧力？	正文为空或只有标点	[]	补全正文或删除该条（如为存目可移入 notes）
元曲/yuanqu.json#6348	秦竹村	庆宣和・引个奚童跨蹇驴，竟至皇都。只道功名掌中物，笑取，笑取。	正文为空或只有标点	[]	补全正文或删除该条（如为存目可移入 notes）
元曲/yuanqu.json#6412	吕济民	幺・怎禁他地久天长，睚不过暗来明去。望桃源雾杳烟迷，梦觉也玉人那	正文为空或只有标点	[]	补全正文或删除该条（如为存目可移入 notes）
元曲/yuanqu.json#6558	荆干臣	尾声南・攀蟾折桂为卿相，成就了风流情况，永远团圆昼锦堂。	正文为空或只有标点	[]	补全正文或删除该条（如为存目可移入 notes）
元曲/yuanqu.json#6616	王晔	乔牌儿・灵龟儿无定准，喜鹊儿少凭信。倚阑无语恹恹闷，一春愁憔悴损。	正文为空或只有标点	[]	补全正文或删除该条（如为存目可移入 notes）
元曲/yuanqu.json#6689	乔吉	本调煞・相思成病何时慢，更拚得不茶不饭，直熬个海枯石烂。	正文为空或只有标点	[]	补全正文或删除该条（如为存目可移入 notes）
元曲/yuanqu.json#6691	乔吉	庆宣和・红粉香中惯撒顽，不似今番。软玉温香忒希罕，只疑是梦间、梦	正文为空或只有标点	[]	补全正文或删除该条（如为存目可移入 notes）
元曲/yuanqu.json#6843	王德信	尾声南・把局儿牢铺摆，情人终久再归来，美满夫妻百岁谐。	正文为空或只有标点	[]	补全正文或删除该条（如为存目可移入 notes）
元曲/yuanqu.json#7053	王仲诚	尾・此身有似舟无缆，恣意教旁人笑咱。富贵总由天，清闲尽在俺。	正文为空或只有标点	[]	补全正文或删除该条（如为存目可移入 notes）
元曲/yuanqu.json#7059	张氏	赚南・计上心头，暗令家童私问候。休泄漏，何期两意同成就，为他憔瘦。	正文为空或只有标点	[]	补全正文或删除该条（如为存目可移入 notes）
元曲/yuanqu.json#7063	张氏	尾声南・多情此意难消受，书生切切在心头，受过凄凉一笔勾。	正文为空或只有标点	[]	补全正文或删除该条（如为存目可移入 notes）
元曲/yuanqu.json#7066	康进之	乔牌儿・风流人常透引，尘凡客不相认。地形高更比天台峻，洞门儿关闭	正文为空或只有标点	[]	补全正文或删除该条（如为存目可移入 notes）
元曲/yuanqu.json#7086	无名氏	两军师隔江斗智・中吕粉蝶儿见了些江景凄凄，荡洪波不分一个大地，望前程尚隔着雾锁烟迷。只见那野鸥闲、堤草合，不由我心闲留意。俺哥哥为荆州将我分离，安排着许多奸计。/	正文为空或只有标点	[]	补全正文或删除该条（如为存目可移入 notes）
元曲/yuanqu.json#7350	沈和	尾声南・悟乾坤清幽趣，但将无事老村夫，写入在潇湘八景图。	正文为空或只有标点	[]	补全正文或删除该条（如为存目可移入 notes）
元曲/yuanqu.json#7486	马致远	尾・祝吾皇万万年，镇家邦万万里。八方齐贺当今帝，稳坐盘龙亢金椅。	正文为空或只有标点	[]	补全正文或删除该条（如为存目可移入 notes）
元曲/yuanqu.json#7488	马致远	憨郭郎・当垆心既有，题柱志须酬，莫向风尘内，久淹留。	正文为空或只有标点	[]	补全正文或删除该条（如为存目可移入 notes）
元曲/yuanqu.json#7490	马致远	随煞・休道姻缘难成就，好处要人消受，终须是配偶，偏甚先教沈郎瘦。	正文为空或只有标点	[]	补全正文或删除该条（如为存目可移入 notes）
元曲/yuanqu.json#7502	马致远	尾・据划画难，字样奇，就中浑穿诸家体，四海纵横第一管笔。	正文为空或只有标点	[]	补全正文或删除该条（如为存目可移入 notes）
元曲/yuanqu.json#7524	马致远	一锭银・欲赋终焉力不加，囊箧更俱乏。自赛了儿婚女嫁，却归来林下。	正文为空或只有标点	[]	补全正文或删除该条（如为存目可移入 notes）
元曲/yuanqu.json#7527	马致远	阿纳忽・山上栽桑麻，湖内寻生涯，枕头上鼓吹鸣蛙，江上听甚琵琶。	正文为空或只有标点	[]	补全正文或删除该条（如为存目可移入 notes）
元曲/yuanqu.json#7534	马致远	庆宣和・投至狐踪与兔穴，多少豪杰。鼎足虽坚半腰里折，魏耶？晋耶？	正文为空或只有标点	[]	补全正文或删除该条（如为存目可移入 notes）
元曲/yuanqu.json#7540	马致远	庆宣和・过了重阳九月九，叶落归秋，残菊胡蝶强风流。劝酒，劝酒。	正文为空或只有标点	[]	补全正文或删除该条（如为存目可移入 notes）
元曲/yuanqu.json#7555	马致远	乔牌儿・自然天付与，强得来也不坚固。有人参透其中趣，何须巧对付？	正文为空或只有标点	[]	补全正文或删除该条（如为存目可移入 notes）
元曲/yuanqu.json#7561	马致远	乔牌儿・寸心愁万叠，业眼怎交睫？孤帏难捱半夜，凄凉何日彻！	正文为空或只有标点	[]	补全正文或删除该条（如为存目可移入 notes）
元曲/yuanqu.json#7565	马致远	阿忽令・才见了明暗，且做些搠淹，倘忽间被他啜赚，那一场羞惨。	正文为空或只有标点	[]	补全正文或删除该条（如为存目可移入 notes）
元曲/yuanqu.json#7568	马致远	阿忽令・觑了他行赚，呼了它言谈。动不动口儿泼忏，道的人羞惨。	正文为空或只有标点	[]	补全正文或删除该条（如为存目可移入 notes）
元曲/yuanqu.json#7716	周文质	尾・刚道了个安置都别无话，意迟迟手捻梅花，比梦中只争在月明下。	正文为空或只有标点	[]	补全正文或删除该条（如为存目可移入 notes）
元曲/yuanqu.json#7724	周文质	乔牌儿・对景愁倍增，追思旧行径。苏卿偏识临川令，俏心肠忒志诚。	正文为空或只有标点	[]	补全正文或删除该条（如为存目可移入 notes）
元曲/yuanqu.json#7729	周文质	乔牌儿・想秦楼金缕歌，风流恁共欢乐。和香折得花一朵，记当时他付托。	正文为空或只有标点	[]	补全正文或删除该条（如为存目可移入 notes）
元曲/yuanqu.json#8017	珠帘秀	余文・东风一夜轻寒透，报道桃花逐水流，莫学东君不转头。	正文为空或只有标点	[]	补全正文或删除该条（如为存目可移入 notes）
元曲/yuanqu.json#8554	李致远	雁儿落・常想西湖舣画船，北苑开春宴。一声金缕令，七换梁州遍。	正文为空或只有标点	[]	补全正文或删除该条（如为存目可移入 notes）
元曲/yuanqu.json#8556	李致远	雁儿落・春衫和泪穿，犹认伊针线。玉箫深夜品，多是君愁怨。	正文为空或只有标点	[]	补全正文或删除该条（如为存目可移入 notes）
元曲/yuanqu.json#8558	李致远	雁儿落・艳阳三月天，寿酒筵前劝。可怜张解元，不赴蟠桃宴。	正文为空或只有标点	[]	补全正文或删除该条（如为存目可移入 notes）
元曲/yuanqu.json#8747	方伯成	尾声南・才郎有日重相盼，破镜重圆真个罕，把许下心香夜夜还。	正文为空或只有标点	[]	补全正文或删除该条（如为存目可移入 notes）
元曲/yuanqu.json#9014	吴仁卿	庆元贞・先收了大理，后取了高丽。都收了偏邦小国，一统了江山社稷。	正文为空或只有标点	[]	补全正文或删除该条（如为存目可移入 notes）
元曲/yuanqu.json#9030	吴仁卿	尾・近来陡恁无情况，自写你个劳成不良。三两遍问佳期，一千般到说谎。	正文为空或只有标点	[]	补全正文或删除该条（如为存目可移入 notes）
元曲/yuanqu.json#9049	曾瑞	幺・恰初春又早残春至，只愁吹破胭脂。忽惊风雨夜来时，零落了千红万	正文为空或只有标点	[]	补全正文或删除该条（如为存目可移入 notes）
元曲/yuanqu.json#9051	曾瑞	尾・得扶侍容颜越伶俐，旧风流不减动些儿，一个鞋样儿到悭了多半指。	正文为空或只有标点	[]	补全正文或删除该条（如为存目可移入 notes）
元曲/yuanqu.json#9070	曾瑞	最高歌・醒时长啸掀髯，醉后高歌入崦。竹溪花坞山庄掩，门映遥岑数点。	正文为空或只有标点	[]	补全正文或删除该条（如为存目可移入 notes）
元曲/yuanqu.json#9077	曾瑞	尾・展放征旗任谁走，庙算神机必应口。一管笔在手，敢搦孙吴女兵斗。	正文为空或只有标点	[]	补全正文或删除该条（如为存目可移入 notes）
元曲/yuanqu.json#9108	曾瑞	尾・渔说他强，樵说他能。我攒颏抱膝可宁听，闲看会渔樵壮厮挺。	正文为空或只有标点	[]	补全正文或删除该条（如为存目可移入 notes）
元曲/yuanqu.json#9115	曾瑞	尾・假真诚好话儿亲曾验，鼻凹里沙糖怎饫。贪顾恋眼前甜，不堤防背后	正文为空或只有标点	[]	补全正文或删除该条（如为存目可移入 notes）
元曲/yuanqu.json#9123	曾瑞	乔牌儿・旧衣服陡恁宽，好茶饭减多半。添盐添醋人撺断，刚捱了少半碗。	正文为空或只有标点	[]	补全正文或删除该条（如为存目可移入 notes）
元曲/yuanqu.json#9245	谷子敬	尾声・倚翠偎红理当戒，乐琴书不出茅斋，似这般好光景我曾多见来。	正文为空或只有标点	[]	补全正文或删除该条（如为存目可移入 notes）
元曲/yuanqu.json#9630	侯正卿	尾・痛恨西风太薄幸，透窗纱吹来残灯，倒少了个伴人清瘦影。	正文为空或只有标点	[]	补全正文或删除该条（如为存目可移入 notes）
元曲/yuanqu.json#9789	周德清	幺・着的，可知，见疾，当局委实着迷。体惧怯睚他免回，如征战要加神	正文为空或只有标点	[]	补全正文或删除该条（如为存目可移入 notes）
元曲/yuanqu.json#9794	周德清	尾・挂金鱼自古文章士，未敢望当来衣紫。有福后必还咱，上心来记着你。	正文为空或只有标点	[]	补全正文或删除该条（如为存目可移入 notes）
元曲/yuanqu.json#9868	董君瑞	尾・难动脚，怎转眼？便休推阻相延款，多共少分明对面儿咒。	正文为空或只有标点	[]	补全正文或删除该条（如为存目可移入 notes）
元曲/yuanqu.json#9914	李邦基	尾・彩云冉冉巫山岫，还相逢邂逅绸缪。终日惜芳心，思量岁寒友。	正文为空或只有标点	[]	补全正文或删除该条（如为存目可移入 notes）
元曲/yuanqu.json#9938	王元鼎	余文・从今打破风流阵，一句句从头自忖。一任他朝朝暮暮，白昼黄昏。	正文为空或只有标点	[]	补全正文或删除该条（如为存目可移入 notes）
元曲/yuanqu.json#9941	萧德润	庆宣和・犹忆樽前得见初，浅淡妆梳。附耳佳期在朝暮，间阻，间阻。	正文为空或只有标点	[]	补全正文或删除该条（如为存目可移入 notes）
元曲/yuanqu.json#10097	李齐贤	幺・海棠正好，东风无赖，狼藉春光。明眸皓齿，如今何在，空断人肠。	正文为空或只有标点	[]	补全正文或删除该条（如为存目可移入 notes）
元曲/yuanqu.json#10574	无名氏	脱布衫・见金莲紧间金莲，胸前紧贴胸前。香肩齐并玉肩，宝钏压着金钏。	正文为空或只有标点	[]	补全正文或删除该条（如为存目可移入 notes）
元曲/yuanqu.json#10576	无名氏	货郎煞・倒摺春衫做罗扇扌扇。	正文为空或只有标点	[]	补全正文或删除该条（如为存目可移入 notes）
元曲/yuanqu.json#10584	无名氏	余音南・姻缘事非计量，尽老团圆寿命长，办炷明香拜上苍。	正文为空或只有标点	[]	补全正文或删除该条（如为存目可移入 notes）
元曲/yuanqu.json#10618	无名氏	尾・问长安，隔关山，别郎容易见郎难。清明过也，鹧鸪声里画楼闲。	正文为空或只有标点	[]	补全正文或删除该条（如为存目可移入 notes）
元曲/yuanqu.json#10773	无名氏	乔牌儿・这番天对勘，非是俺愚滥。相知每侧脚里来轰减，盖因他酒半酣。	正文为空或只有标点	[]	补全正文或删除该条（如为存目可移入 notes）
元曲/yuanqu.json#10787	无名氏	乔牌儿・喜字儿不应口，肯字儿枉迤逗。相思眼底成消瘦，为他时出尽丑。	正文为空或只有标点	[]	补全正文或删除该条（如为存目可移入 notes）
元曲/yuanqu.json#10788	无名氏	雁儿落・宽褪了联诗宫锦裘，酒社天香袖。剑慵看玉兔秋，笔倦扫苍龙溜。	正文为空或只有标点	[]	补全正文或删除该条（如为存目可移入 notes）
元曲/yuanqu.json#10801	无名氏	幺・多绪多情病身，今番又索着昏。眼角排情，眉尖传信，谁当得恁般丰	正文为空或只有标点	[]	补全正文或删除该条（如为存目可移入 notes）
元曲/yuanqu.json#10802	无名氏	乔牌儿・至如于俺亲，怎敢对人问。惯曾经过莺花阵，这番愁又新。	正文为空或只有标点	[]	补全正文或删除该条（如为存目可移入 notes）
元曲/yuanqu.json#10803	无名氏	幺・未得一夜恩，先信了满怀闷。十分模样十分俊，料应不会村。	正文为空或只有标点	[]	补全正文或删除该条（如为存目可移入 notes）
元曲/yuanqu.json#10810	无名氏	乔牌儿・这番本实虚，不合惹题目。俊禽着网惜羽，忍不住自喑咐。	正文为空或只有标点	[]	补全正文或删除该条（如为存目可移入 notes）
元曲/yuanqu.json#10813	无名氏	乔牌儿・雁声不断绝，砧韵无休歇。戍楼残角声凄切，品梅花三弄彻。	正文为空或只有标点	[]	补全正文或删除该条（如为存目可移入 notes）
元曲/yuanqu.json#10817	无名氏	乔牌儿・料应薄幸他，别却志诚话。俺看他歹处无纤恰，他于人情分寡。	正文为空或只有标点	[]	补全正文或删除该条（如为存目可移入 notes）
元曲/yuanqu.json#10837	无名氏	尾声南・饶君巧把机谋设，止不住负心薄劣，梦儿里若见他俺与他分说。	正文为空或只有标点	[]	补全正文或删除该条（如为存目可移入 notes）
元曲/yuanqu.json#10854	无名氏	尾声・烟光淡，斜阳下。渐觉荒村暮也，借旅邸今宵一睡呵。	正文为空或只有标点	[]	补全正文或删除该条（如为存目可移入 notes）
元曲/yuanqu.json#10859	无名氏	十二拍尾・情思恹恹如病酒，房栊静悄忆凤俦，十二珠帘懒上钩。	正文为空或只有标点	[]	补全正文或删除该条（如为存目可移入 notes）
元曲/yuanqu.json#10860	无名氏	南吕・十样锦	正文为空或只有标点	[]	补全正文或删除该条（如为存目可移入 notes）
元曲/yuanqu.json#10881	无名氏	尾声・想才郎难相会，关山遥远几时回，眼望天涯身化灰。	正文为空或只有标点	[]	补全正文或删除该条（如为存目可移入 notes）
元曲/yuanqu.json#10886	无名氏	余音・终须有日重相见，相见后依然欢宴，办炷明香谢天。	正文为空或只有标点	[]	补全正文或删除该条（如为存目可移入 notes）
元曲/yuanqu.json#10889	无名氏	尾・裁冰剪雪呈祥瑞，饮羊羔共同欢会，端的是翠绕红围。	正文为空或只有标点	[]	补全正文或删除该条（如为存目可移入 notes）
元曲/yuanqu.json#10998	冯子振	幺・恨匆匆一片题情，红叶为谁流去？恰殷勤离得深宫，便得到人间好处。	正文为空或只有标点	[]	补全正文或删除该条（如为存目可移入 notes）
全唐诗/poet.tang.6000.json#582	儲光羲		空标题	伊昔好觀國，自鄉西入秦。往復萬餘里，相逢皆衆人。大君幸東嶽，	补题（可用「句」「失题」或首句），或确认是否为上一首的残段
全唐诗/poet.tang.33000.json#306	于濆		空标题	長聞鄉人語，此家勝良賈。骨肉化飢魂，倉中有飽鼠。青春滿桑柘，	补题（可用「句」「失题」或首句），或确认是否为上一首的残段
全唐诗/poet.tang.50000.json#113	崔湜		空标题	。	补题（可用「句」「失题」或首句），或确认是否为上一首的残段
全唐诗/poet.tang.50000.json#165	王昌齡		空标题	。	补题（可用「句」「失题」或首句），或确认是否为上一首的残段
全唐诗/poet.tang.50000.json#189	侯休祥		空标题	。	补题（可用「句」「失题」或首句），或确认是否为上一首的残段
全唐诗/poet.tang.50000.json#222	李翔		空标题	（《涉道詩》二十八首〖伯三八六六〗）。	补题（可用「句」「失题」或首句），或确认是否为上一首的残段
全唐诗/poet.tang.50000.json#367	王梵志		空标题	（案《全唐詩》無王梵志詩，生平事跡不可考。《太平廣記》所載，	补题（可用「句」「失题」或首句），或确认是否为上一首的残段
全唐诗/poet.tang.50000.json#484	王勔		空标题	。	补题（可用「句」「失题」或首句），或确认是否为上一首的残段
全唐诗/poet.tang.50000.json#490	尹元凱		空标题	。	补题（可用「句」「失题」或首句），或确认是否为上一首的残段
全唐诗/poet.tang.50000.json#492	溫翁念		空标题	。	补题（可用「句」「失题」或首句），或确认是否为上一首的残段
全唐诗/poet.tang.50000.json#495	光溫古		空标题	。	补题（可用「句」「失题」或首句），或确认是否为上一首的残段
全唐诗/poet.tang.50000.json#503	馬友鹿		空标题	。	补题（可用「句」「失题」或首句），或确认是否为上一首的残段
全唐诗/poet.tang.50000.json#568	王英		空标题	。	补题（可用「句」「失题」或首句），或确认是否为上一首的残段
全唐诗/poet.tang.50000.json#575	韋應物		空标题	。	补题（可用「句」「失题」或首句），或确认是否为上一首的残段
全唐诗/poet.tang.50000.json#578	李揆		空标题	。	补题（可用「句」「失题」或首句），或确认是否为上一首的残段
全唐诗/poet.tang.50000.json#589	徐源		空标题	徐源字太初，高平人。詩一首。	补题（可用「句」「失题」或首句），或确认是否为上一首的残段
全唐诗/poet.tang.50000.json#615	軒轅偉		空标题	。	补题（可用「句」「失题」或首句），或确认是否为上一首的残段
全唐诗/poet.tang.50000.json#625	周匡物		空标题	。	补题（可用「句」「失题」或首句），或确认是否为上一首的残段
全唐诗/poet.tang.50000.json#631	盧元輔		空标题	。	补题（可用「句」「失题」或首句），或确认是否为上一首的残段
全唐诗/poet.tang.50000.json#645	張祜		空标题	空（按《全唐詩》卷五百十及卷五百十一編張祜詩二卷，又卷八百七	补题（可用「句」「失题」或首句），或确认是否为上一首的残段
全唐诗/poet.tang.50000.json#824	裴休		空标题	。	补题（可用「句」「失题」或首句），或确认是否为上一首的残段
全唐诗/poet.tang.50000.json#827	張濬		空标题	。	补题（可用「句」「失题」或首句），或确认是否为上一首的残段
全唐诗/poet.tang.50000.json#859	魏璞		空标题	。	补题（可用「句」「失题」或首句），或确认是否为上一首的残段
全唐诗/poet.tang.50000.json#865	劉蛻		空标题	。	补题（可用「句」「失题」或首句），或确认是否为上一首的残段
全唐诗/poet.tang.50000.json#885	裴說		空标题	。	补题（可用「句」「失题」或首句），或确认是否为上一首的残段
全唐诗/poet.tang.50000.json#898	呂從慶		空标题	（按《全唐詩》無呂從慶詩。今傳世之《豐溪存稿》，即呂從慶詩集	补题（可用「句」「失题」或首句），或确认是否为上一首的残段
全唐诗/poet.tang.50000.json#945	段義宗		空标题	。	补题（可用「句」「失题」或首句），或确认是否为上一首的残段
全唐诗/poet.tang.50000.json#949	徐鉉		空标题	（《全唐詩》編徐鉉詩爲六卷，以下二首及句均所未收，據《宋詩紀	补题（可用「句」「失题」或首句），或确认是否为上一首的残段
全唐诗/poet.tang.50000.json#954	范質		空标题	。	补题（可用「句」「失题」或首句），或确认是否为上一首的残段
全唐诗/poet.tang.50000.json#958	李昉		空标题	。	补题（可用「句」「失题」或首句），或确认是否为上一首的残段
全唐诗/poet.tang.50000.json#971	劉吉		空标题	。	补题（可用「句」「失题」或首句），或确认是否为上一首的残段
全唐诗/poet.tang.50000.json#974	錢惟治		空标题	。	补题（可用「句」「失题」或首句），或确认是否为上一首的残段
全唐诗/poet.tang.50000.json#986	程傑		空标题	。	补题（可用「句」「失题」或首句），或确认是否为上一首的残段
全唐诗/poet.tang.51000.json#3	思託		空标题	。	补题（可用「句」「失题」或首句），或确认是否为上一首的残段
全唐诗/poet.tang.51000.json#12	贊寧		空标题	。	补题（可用「句」「失题」或首句），或确认是否为上一首的残段
全唐诗/poet.tang.51000.json#21	吳筠		空标题	。	补题（可用「句」「失题」或首句），或确认是否为上一首的残段
全唐诗/poet.tang.51000.json#47	崔致遠		空标题	（案《全唐詩》無崔致遠詩。日本河世寧《全唐詩逸》卷中收致遠詩	补题（可用「句」「失题」或首句），或确认是否为上一首的残段
全唐诗/poet.tang.51000.json#115	許敬宗		空标题	。	补题（可用「句」「失题」或首句），或确认是否为上一首的残段
全唐诗/poet.tang.51000.json#212	弘忍		空标题	。	补题（可用「句」「失题」或首句），或确认是否为上一首的残段
全唐诗/poet.tang.51000.json#215	慧能		空标题	。	补题（可用「句」「失题」或首句），或确认是否为上一首的残段
全唐诗/poet.tang.51000.json#223	元德秀		空标题	。	补题（可用「句」「失题」或首句），或确认是否为上一首的残段
全唐诗/poet.tang.51000.json#270	劉秩		空标题	。	补题（可用「句」「失题」或首句），或确认是否为上一首的残段
全唐诗/poet.tang.51000.json#292	戎昱		空标题	。	补题（可用「句」「失题」或首句），或确认是否为上一首的残段
全唐诗/poet.tang.51000.json#328	韓愈		空标题	。	补题（可用「句」「失题」或首句），或确认是否为上一首的残段
全唐诗/poet.tang.51000.json#395	李郃		空标题	。	补题（可用「句」「失题」或首句），或确认是否为上一首的残段
全唐诗/poet.tang.51000.json#500	胡曾		空标题	。	补题（可用「句」「失题」或首句），或确认是否为上一首的残段
全唐诗/poet.tang.51000.json#513	吳融		空标题	。	补题（可用「句」「失题」或首句），或确认是否为上一首的残段
全唐诗/poet.tang.51000.json#521	裴說		空标题	。	补题（可用「句」「失题」或首句），或确认是否为上一首的残段
全唐诗/poet.tang.51000.json#526	韓氏		空标题	。	补题（可用「句」「失题」或首句），或确认是否为上一首的残段
全唐诗/poet.tang.51000.json#557	陶晟		空标题	。	补题（可用「句」「失题」或首句），或确认是否为上一首的残段
全唐诗/poet.tang.51000.json#563	田敏		空标题	。	补题（可用「句」「失题」或首句），或确认是否为上一首的残段
全唐诗/poet.tang.51000.json#566	陶穀		空标题	。	补题（可用「句」「失题」或首句），或确认是否为上一首的残段
全唐诗/poet.tang.51000.json#569	張振祖		空标题	。	补题（可用「句」「失题」或首句），或确认是否为上一首的残段
全唐诗/poet.tang.51000.json#575	張文伏		空标题	。	补题（可用「句」「失题」或首句），或确认是否为上一首的残段
全唐诗/poet.tang.51000.json#623	唐希雅		空标题	。	补题（可用「句」「失题」或首句），或确认是否为上一首的残段
全唐诗/poet.tang.51000.json#674	任翻		空标题	。	补题（可用「句」「失题」或首句），或确认是否为上一首的残段
全唐诗/poet.tang.51000.json#706	馮銖		空标题	。	补题（可用「句」「失题」或首句），或确认是否为上一首的残段
全唐诗/poet.tang.51000.json#720	光業		空标题	。	补题（可用「句」「失题」或首句），或确认是否为上一首的残段
全唐诗/poet.tang.51000.json#729	令狐嶠		空标题	。	补题（可用「句」「失题」或首句），或确认是否为上一首的残段
全唐诗/poet.tang.51000.json#741	淘沙子		空标题	。	补题（可用「句」「失题」或首句），或确认是否为上一首的残段
全唐诗/poet.tang.51000.json#757	慧稜		空标题	。	补题（可用「句」「失题」或首句），或确认是否为上一首的残段
全唐诗/poet.tang.51000.json#758	慧稜		空标题	空。	补题（可用「句」「失题」或首句），或确认是否为上一首的残段
全唐诗/poet.tang.51000.json#777	曹菘〖1〗		空标题	。	补题（可用「句」「失题」或首句），或确认是否为上一首的残段
全唐诗/poet.tang.51000.json#912	何仙姑		空标题	空（原案：《太平廣記》：廣州有何二娘，以織鞋爲業。後飛去上羅	补题（可用「句」「失题」或首句），或确认是否为上一首的残段
全唐诗/poet.tang.52000.json#448	道鏡　善導		空标题	。	补题（可用「句」「失题」或首句），或确认是否为上一首的残段
全唐诗/poet.tang.52000.json#471	王拊		空标题	。	补题（可用「句」「失题」或首句），或确认是否为上一首的残段
全唐诗/poet.tang.52000.json#477	魏玄同		空标题	。	补题（可用「句」「失题」或首句），或确认是否为上一首的残段
全唐诗/poet.tang.52000.json#630	□州司馬		空标题	。	补题（可用「句」「失题」或首句），或确认是否为上一首的残段
全唐诗/poet.tang.52000.json#638	楊□		空标题	。	补题（可用「句」「失题」或首句），或确认是否为上一首的残段
全唐诗/poet.tang.52000.json#642	李昂		空标题	。	补题（可用「句」「失题」或首句），或确认是否为上一首的残段
全唐诗/poet.tang.52000.json#738	徐嶠		空标题	。	补题（可用「句」「失题」或首句），或确认是否为上一首的残段
全唐诗/poet.tang.52000.json#750	王位之		空标题	。	补题（可用「句」「失题」或首句），或确认是否为上一首的残段
全唐诗/poet.tang.52000.json#757	智封		空标题	。	补题（可用「句」「失题」或首句），或确认是否为上一首的残段
全唐诗/poet.tang.52000.json#761	慈和		空标题	。	补题（可用「句」「失题」或首句），或确认是否为上一首的残段
全唐诗/poet.tang.52000.json#765	馮待徵		空标题	。	补题（可用「句」「失题」或首句），或确认是否为上一首的残段
全唐诗/poet.tang.52000.json#773	崔璘		空标题	。	补题（可用「句」「失题」或首句），或确认是否为上一首的残段
全唐诗/poet.tang.52000.json#779	魏盈		空标题	。	补题（可用「句」「失题」或首句），或确认是否为上一首的残段
全唐诗/poet.tang.52000.json#785	陸善經		空标题	。	补题（可用「句」「失题」或首句），或确认是否为上一首的残段
全唐诗/poet.tang.52000.json#828	齊光乂		空标题	。	补题（可用「句」「失题」或首句），或确认是否为上一首的残段
全唐诗/poet.tang.52000.json#861	張司馬		空标题	張司馬，名不詳，乾元中任劍州司馬。著有《玄晉蘇元明太清石壁記	补题（可用「句」「失题」或首句），或确认是否为上一首的残段
全唐诗/poet.tang.52000.json#904	王嚴光		空标题	嚴光，自稱釣鰲客。安史亂後任棣州司戶。詩二句。	补题（可用「句」「失题」或首句），或确认是否为上一首的残段
全唐诗/poet.tang.52000.json#923	張誠		空标题	。	补题（可用「句」「失题」或首句），或确认是否为上一首的残段
全唐诗/poet.tang.52000.json#948	鄭轅		空标题	。	补题（可用「句」「失题」或首句），或确认是否为上一首的残段
全唐诗/poet.tang.52000.json#952	崔全素		空标题	。	补题（可用「句」「失题」或首句），或确认是否为上一首的残段
全唐诗/poet.tang.52000.json#997	崔生		空标题	。	补题（可用「句」「失题」或首句），或确认是否为上一首的残段
全唐诗/poet.tang.53000.json#0	路應		空标题	。	补题（可用「句」「失题」或首句），或确认是否为上一首的残段
全唐诗/poet.tang.53000.json#9	張翔		空标题	。	补题（可用「句」「失题」或首句），或确认是否为上一首的残段
全唐诗/poet.tang.53000.json#54	論惟明		空标题	。	补题（可用「句」「失题」或首句），或确认是否为上一首的残段
全唐诗/poet.tang.53000.json#66	李博士		空标题	。	补题（可用「句」「失题」或首句），或确认是否为上一首的残段
全唐诗/poet.tang.53000.json#95	張芬		空标题	。	补题（可用「句」「失题」或首句），或确认是否为上一首的残段
全唐诗/poet.tang.53000.json#103	青霞子		空标题	。	补题（可用「句」「失题」或首句），或确认是否为上一首的残段
全唐诗/poet.tang.53000.json#139	陳詡		空标题	。	补题（可用「句」「失题」或首句），或确认是否为上一首的残段
全唐诗/poet.tang.53000.json#152	行滿		空标题	。	补题（可用「句」「失题」或首句），或确认是否为上一首的残段
全唐诗/poet.tang.53000.json#366	如滿		空标题	。	补题（可用「句」「失题」或首句），或确认是否为上一首的残段
全唐诗/poet.tang.53000.json#385	路黃中		空标题	。	补题（可用「句」「失题」或首句），或确认是否为上一首的残段
全唐诗/poet.tang.53000.json#418	米嶺和尚		空标题	。	补题（可用「句」「失题」或首句），或确认是否为上一首的残段
全唐诗/poet.tang.53000.json#421	李直方		空标题	。	补题（可用「句」「失题」或首句），或确认是否为上一首的残段
全唐诗/poet.tang.53000.json#437	崔備		空标题	。	补题（可用「句」「失题」或首句），或确认是否为上一首的残段
全唐诗/poet.tang.53000.json#480	薛昌朝		空标题	。	补题（可用「句」「失题」或首句），或确认是否为上一首的残段
全唐诗/poet.tang.53000.json#594	范酇		空标题	。	补题（可用「句」「失题」或首句），或确认是否为上一首的残段
全唐诗/poet.tang.53000.json#598	陸亘		空标题	。	补题（可用「句」「失题」或首句），或确认是否为上一首的残段
全唐诗/poet.tang.53000.json#605	崔覲		空标题	。	补题（可用「句」「失题」或首句），或确认是否为上一首的残段
全唐诗/poet.tang.53000.json#679	吳士矩		空标题	。	补题（可用「句」「失题」或首句），或确认是否为上一首的残段
全唐诗/poet.tang.53000.json#692	陳嘏		空标题	。	补题（可用「句」「失题」或首句），或确认是否为上一首的残段
全唐诗/poet.tang.53000.json#715	路單		空标题	。	补题（可用「句」「失题」或首句），或确认是否为上一首的残段
全唐诗/poet.tang.53000.json#737	賀蘭朋吉		空标题	。	补题（可用「句」「失题」或首句），或确认是否为上一首的残段
全唐诗/poet.tang.53000.json#743	白居易		空标题	。	补题（可用「句」「失题」或首句），或确认是否为上一首的残段
全唐诗/poet.tang.53000.json#887	希運		空标题	。	补题（可用「句」「失题」或首句），或确认是否为上一首的残段
全唐诗/poet.tang.53000.json#890	李褒		空标题	。	补题（可用「句」「失题」或首句），或确认是否为上一首的残段
全唐诗/poet.tang.53000.json#927	景導		空标题	。	补题（可用「句」「失题」或首句），或确认是否为上一首的残段
全唐诗/poet.tang.53000.json#976	義玄		空标题	。	补题（可用「句」「失题」或首句），或确认是否为上一首的残段
全唐诗/poet.tang.54000.json#58	嚴都		空标题	。	补题（可用「句」「失题」或首句），或确认是否为上一首的残段
全唐诗/poet.tang.54000.json#70	劉瞻		空标题	。	补题（可用「句」「失题」或首句），或确认是否为上一首的残段
全唐诗/poet.tang.54000.json#107	陳蓬		空标题	。	补题（可用「句」「失题」或首句），或确认是否为上一首的残段
全唐诗/poet.tang.54000.json#131	陸龜蒙		空标题	。	补题（可用「句」「失题」或首句），或确认是否为上一首的残段
全唐诗/poet.tang.54000.json#153	慧寂		空标题	。	补题（可用「句」「失题」或首句），或确认是否为上一首的残段
全唐诗/poet.tang.54000.json#163	麻衣禪師		空标题	。	补题（可用「句」「失题」或首句），或确认是否为上一首的残段
全唐诗/poet.tang.54000.json#177	還陽子		空标题	。	补题（可用「句」「失题」或首句），或确认是否为上一首的残段
全唐诗/poet.tang.54000.json#208	劉崇龜		空标题	。	补题（可用「句」「失题」或首句），或确认是否为上一首的残段
全唐诗/poet.tang.54000.json#211	文炬		空标题	。	补题（可用「句」「失题」或首句），或确认是否为上一首的残段
全唐诗/poet.tang.54000.json#266	余鎬		空标题	。	补题（可用「句」「失题」或首句），或确认是否为上一首的残段
全唐诗/poet.tang.54000.json#274	洪諲		空标题	。	补题（可用「句」「失题」或首句），或确认是否为上一首的残段
全唐诗/poet.tang.54000.json#338	趙崇		空标题	。	补题（可用「句」「失题」或首句），或确认是否为上一首的残段
全唐诗/poet.tang.54000.json#358	李標		空标题	。	补题（可用「句」「失题」或首句），或确认是否为上一首的残段
全唐诗/poet.tang.54000.json#366	司空圖		空标题	。	补题（可用「句」「失题」或首句），或确认是否为上一首的残段
全唐诗/poet.tang.54000.json#381	黃璞		空标题	。	补题（可用「句」「失题」或首句），或确认是否为上一首的残段
全唐诗/poet.tang.54000.json#385	吳畦		空标题	。	补题（可用「句」「失题」或首句），或确认是否为上一首的残段
全唐诗/poet.tang.55000.json#198	敬新磨		空标题	。	补题（可用「句」「失题」或首句），或确认是否为上一首的残段
全唐诗/poet.tang.55000.json#218	李愚		空标题	。	补题（可用「句」「失题」或首句），或确认是否为上一首的残段
全唐诗/poet.tang.55000.json#221	程遜		空标题	。	补题（可用「句」「失题」或首句），或确认是否为上一首的残段
全唐诗/poet.tang.55000.json#233	李鶚		空标题	。	补题（可用「句」「失题」或首句），或确认是否为上一首的残段
全唐诗/poet.tang.55000.json#237	徐台符		空标题	。	补题（可用「句」「失题」或首句），或确认是否为上一首的残段
全唐诗/poet.tang.55000.json#277	竇儀		空标题	。	补题（可用「句」「失题」或首句），或确认是否为上一首的残段
全唐诗/poet.tang.55000.json#296	駱仲舒		空标题	。	补题（可用「句」「失题」或首句），或确认是否为上一首的残段
全唐诗/poet.tang.55000.json#318	歸曉		空标题	。	补题（可用「句」「失题」或首句），或确认是否为上一首的残段
全唐诗/poet.tang.55000.json#325	楊夔		空标题	。	补题（可用「句」「失题」或首句），或确认是否为上一首的残段
全唐诗/poet.tang.55000.json#329	謝建		空标题	。	补题（可用「句」「失题」或首句），或确认是否为上一首的残段
全唐诗/poet.tang.55000.json#334	徐知證		空标题	。	补题（可用「句」「失题」或首句），或确认是否为上一首的残段
全唐诗/poet.tang.55000.json#341	江文蔚		空标题	。	补题（可用「句」「失题」或首句），或确认是否为上一首的残段
全唐诗/poet.tang.55000.json#410	用虛		空标题	。	补题（可用「句」「失题」或首句），或确认是否为上一首的残段
全唐诗/poet.tang.55000.json#415	梅遠		空标题	。	补题（可用「句」「失题」或首句），或确认是否为上一首的残段
全唐诗/poet.tang.55000.json#423	泰欽		空标题	。	补题（可用「句」「失题」或首句），或确认是否为上一首的残段
全唐诗/poet.tang.55000.json#453	王仲簡		空标题	。	补题（可用「句」「失题」或首句），或确认是否为上一首的残段
全唐诗/poet.tang.55000.json#463	李煜		空标题	。	补题（可用「句」「失题」或首句），或确认是否为上一首的残段
全唐诗/poet.tang.55000.json#533	薛正明		空标题	。	补题（可用「句」「失题」或首句），或确认是否为上一首的残段
全唐诗/poet.tang.55000.json#539	小靜		空标题	。	补题（可用「句」「失题」或首句），或确认是否为上一首的残段
全唐诗/poet.tang.55000.json#564	麗天和尚		空标题	。	补题（可用「句」「失题」或首句），或确认是否为上一首的残段
全唐诗/poet.tang.55000.json#687	本先		空标题	。	补题（可用「句」「失题」或首句），或确认是否为上一首的残段
全唐诗/poet.tang.55000.json#697	錢昱		空标题	。	补题（可用「句」「失题」或首句），或确认是否为上一首的残段
全唐诗/poet.tang.55000.json#770	王十八郎		空标题	。	补题（可用「句」「失题」或首句），或确认是否为上一首的残段
全唐诗/poet.tang.55000.json#783	慧救		空标题	。	补题（可用「句」「失题」或首句），或确认是否为上一首的残段
全唐诗/poet.tang.55000.json#788	王審知		空标题	。	补题（可用「句」「失题」或首句），或确认是否为上一首的残段
全唐诗/poet.tang.55000.json#798	如體		空标题	。	补题（可用「句」「失题」或首句），或确认是否为上一首的残段
全唐诗/poet.tang.55000.json#808	陳文亮		空标题	。	补题（可用「句」「失题」或首句），或确认是否为上一首的残段
全唐诗/poet.tang.55000.json#813	玄應		空标题	。	补题（可用「句」「失题」或首句），或确认是否为上一首的残段
全唐诗/poet.tang.55000.json#820	錢熙		空标题	。	补题（可用「句」「失题」或首句），或确认是否为上一首的残段
全唐诗/poet.tang.55000.json#941	李觀象		空标题	。	补题（可用「句」「失题」或首句），或确认是否为上一首的残段
全唐诗/poet.tang.55000.json#964	程嵩		空标题	。	补题（可用「句」「失题」或首句），或确认是否为上一首的残段
全唐诗/poet.tang.55000.json#976	文偃		空标题	。	补题（可用「句」「失题」或首句），或确认是否为上一首的残段
全唐诗/poet.tang.56000.json#224	宋光嗣		空标题	。	补题（可用「句」「失题」或首句），或确认是否为上一首的残段
全唐诗/poet.tang.56000.json#262	李堯夫		空标题	。	补题（可用「句」「失题」或首句），或确认是否为上一首的残段
全唐诗/poet.tang.56000.json#287	吳翊		空标题	。	补题（可用「句」「失题」或首句），或确认是否为上一首的残段
全唐诗/poet.tang.56000.json#324	姚贊		空标题	。	补题（可用「句」「失题」或首句），或确认是否为上一首的残段
全唐诗/poet.tang.56000.json#331	孫宗閔		空标题	。	补题（可用「句」「失题」或首句），或确认是否为上一首的残段
全唐诗/poet.tang.56000.json#370	陳從道		空标题	。	补题（可用「句」「失题」或首句），或确认是否为上一首的残段
全唐诗/poet.tang.56000.json#481	朱君緒		空标题	。	补题（可用「句」「失题」或首句），或确认是否为上一首的残段
全唐诗/poet.tang.56000.json#495	柳沖用		空标题	。	补题（可用「句」「失题」或首句），或确认是否为上一首的残段
全唐诗/poet.tang.56000.json#542	韓蘊中		空标题	。	补题（可用「句」「失题」或首句），或确认是否为上一首的残段
全唐诗/唐诗补录.json#0	佚名		空标题	住在绿池边，朝朝学采莲水深偏责就，莲尽更移舡	补题（可用「句」「失题」或首句），或确认是否为上一首的残段
全唐诗/poet.tang.0.json#952	耿[湋]	橫吹曲辭 出塞	作者名含缺字/括注	「耿[湋]」共 5 首（此处为首次出现）	核实作者名；无法补全的统一写法，括注移入 notes
全唐诗/poet.tang.0.json#997	鮑氏君[徽]微	橫吹曲辭 關山月	作者名含缺字/括注	「鮑氏君[徽]微」共 1 首（此处为首次出现）	核实作者名；无法补全的统一写法，括注移入 notes
全唐诗/poet.tang.19000.json#527	胡[証]	和張相公太原亭懷古詩	作者名含缺字/括注	「胡[証]」共 2 首（此处为首次出现）	核实作者名；无法补全的统一写法，括注移入 notes
全唐诗/poet.tang.44000.json#3	[嚴]續姬	贈別	作者名含缺字/括注	「[嚴]續姬」共 1 首（此处为首次出现）	核实作者名；无法补全的统一写法，括注移入 notes
全唐诗/poet.tang.47000.json#926	河[湄]鬼	媿謝詩	作者名含缺字/括注	「河[湄]鬼」共 1 首（此处为首次出现）	核实作者名；无法补全的统一写法，括注移入 notes
全唐诗/poet.tang.50000.json#201	□嘉惠	詠鵲	作者名含缺字/括注	「□嘉惠」共 1 首（此处为首次出现）	核实作者名；无法补全的统一写法，括注移入 notes
全唐诗/poet.tang.50000.json#327	敦煌人作品[一]	敦煌廿詠（並序） 一、三危山詠	作者名含缺字/括注	「敦煌人作品[一]」共 24 首（此处为首次出现）	核实作者名；无法补全的统一写法，括注移入 notes
全唐诗/poet.tang.52000.json#630	□州司馬		作者名含缺字/括注	「□州司馬」共 2 首（此处为首次出现）	核实作者名；无法补全的统一写法，括注移入 notes
全唐诗/poet.tang.52000.json#632	□同	□和	作者名含缺字/括注	「□同」共 1 首（此处为首次出现）	核实作者名；无法补全的统一写法，括注移入 notes
全唐诗/poet.tang.52000.json#633	馮□原	同[前]	作者名含缺字/括注	「馮□原」共 1 首（此处为首次出现）	核实作者名；无法补全的统一写法，括注移入 notes
全唐诗/poet.tang.52000.json#634	□馮	同前	作者名含缺字/括注	「□馮」共 1 首（此处为首次出现）	核实作者名；无法补全的统一写法，括注移入 notes
全唐诗/poet.tang.52000.json#636	楊□	同前	作者名含缺字/括注	「楊□」共 3 首（此处为首次出现）	核实作者名；无法补全的统一写法，括注移入 notes
全唐诗/poet.tang.52000.json#640	雍州率□□□	同前	作者名含缺字/括注	「雍州率□□□」共 1 首（此处为首次出现）	核实作者名；无法补全的统一写法，括注移入 notes
全唐诗/poet.tang.52000.json#641	孫□	同前	作者名含缺字/括注	「孫□」共 1 首（此处为首次出现）	核实作者名；无法补全的统一写法，括注移入 notes
全唐诗/poet.tang.52000.json#752	邢□	五言晚遊靈溪汎舟作	作者名含缺字/括注	「邢□」共 1 首（此处为首次出现）	核实作者名；无法补全的统一写法，括注移入 notes
全唐诗/poet.tang.52000.json#922	□釗	沙門崇惠登刀梯歌（幷序○題擬）	作者名含缺字/括注	「□釗」共 1 首（此处为首次出现）	核实作者名；无法补全的统一写法，括注移入 notes
全唐诗/poet.tang.53000.json#869	崔□	走筆送杜十三歸京	作者名含缺字/括注	「崔□」共 1 首（此处为首次出现）	核实作者名；无法补全的统一写法，括注移入 notes
全唐诗/poet.tang.54000.json#64	王□	王氏殤女墓銘	作者名含缺字/括注	「王□」共 1 首（此处为首次出现）	核实作者名；无法补全的统一写法，括注移入 notes
全唐诗/poet.tang.55000.json#376	李□	句	作者名含缺字/括注	「李□」共 1 首（此处为首次出现）	核实作者名；无法补全的统一写法，括注移入 notes
全唐诗/poet.tang.56000.json#250	周□	芙蓉堂	作者名含缺字/括注	「周□」共 2 首（此处为首次出现）	核实作者名；无法补全的统一写法，括注移入 notes
全唐诗/poet.tang.56000.json#281	元□□	石門精室詩	作者名含缺字/括注	「元□□」共 1 首（此处为首次出现）	核实作者名；无法补全的统一写法，括注移入 notes
全唐诗/poet.tang.56000.json#284	司馬□	題伏波廟	作者名含缺字/括注	「司馬□」共 1 首（此处为首次出现）	核实作者名；无法补全的统一写法，括注移入 notes
全唐诗/poet.song.7000.json#583	趙德□	詩一首	作者名含缺字/括注	「趙德□」共 1 首（此处为首次出现）	核实作者名；无法补全的统一写法，括注移入 notes
全唐诗/poet.song.54000.json#817	鄧□誥	留題大雲寺石洞	作者名含缺字/括注	「鄧□誥」共 1 首（此处为首次出现）	核实作者名；无法补全的统一写法，括注移入 notes
全唐诗/poet.song.110000.json#643	陳□諒	題淡山巖	作者名含缺字/括注	「陳□諒」共 1 首（此处为首次出现）	核实作者名；无法补全的统一写法，括注移入 notes
全唐诗/poet.song.188000.json#320	王□達	浯溪	作者名含缺字/括注	「王□達」共 1 首（此处为首次出现）	核实作者名；无法补全的统一写法，括注移入 notes
全唐诗/poet.song.214000.json#121	趙與{𥫗/？/心}	橘二首  其一	作者名含缺字/括注	「趙與{𥫗/？/心}」共 3 首（此处为首次出现）	核实作者名；无法补全的统一写法，括注移入 notes
全唐诗/poet.song.229000.json#156	□子發	錦石巖  其一	作者名含缺字/括注	「□子發」共 3 首（此处为首次出现）	核实作者名；无法补全的统一写法，括注移入 notes
全唐诗/poet.song.252000.json#254	□革	句	作者名含缺字/括注	「□革」共 1 首（此处为首次出现）	核实作者名；无法补全的统一写法，括注移入 notes
全唐诗/poet.song.253000.json#301	□韞	天柱峰	作者名含缺字/括注	「□韞」共 4 首（此处为首次出现）	核实作者名；无法补全的统一写法，括注移入 notes
全唐诗/poet.song.253000.json#369	皇甫□	故人亭	作者名含缺字/括注	「皇甫□」共 2 首（此处为首次出现）	核实作者名；无法补全的统一写法，括注移入 notes
全唐诗/poet.song.253000.json#374	趙汝□	題蔡令葉嶺書房	作者名含缺字/括注	「趙汝□」共 1 首（此处为首次出现）	核实作者名；无法补全的统一写法，括注移入 notes
全唐诗/poet.song.253000.json#414	□說	高平北巖	作者名含缺字/括注	「□說」共 1 首（此处为首次出现）	核实作者名；无法补全的统一写法，括注移入 notes
全唐诗/poet.song.253000.json#897	□庭倚	懷古	作者名含缺字/括注	「□庭倚」共 1 首（此处为首次出现）	核实作者名；无法补全的统一写法，括注移入 notes
全唐诗/poet.song.253000.json#898	□公才	次庭倚懷古韻	作者名含缺字/括注	「□公才」共 1 首（此处为首次出现）	核实作者名；无法补全的统一写法，括注移入 notes
全唐诗/poet.song.254000.json#14	□治中	紹興丁丑題烏石山	作者名含缺字/括注	「□治中」共 1 首（此处为首次出现）	核实作者名；无法补全的统一写法，括注移入 notes
全唐诗/poet.song.254000.json#60	□松卿	遊麻姑	作者名含缺字/括注	「□松卿」共 1 首（此处为首次出现）	核实作者名；无法补全的统一写法，括注移入 notes
宋词/ci.song.15000.json#158	张□□	喜迁莺	作者名含缺字/括注	「张□□」共 1 首（此处为首次出现）	核实作者名；无法补全的统一写法，括注移入 notes
宋词/ci.song.16000.json#186	赵希□	秋蕊香	作者名含缺字/括注	「赵希□」共 1 首（此处为首次出现）	核实作者名；无法补全的统一写法，括注移入 notes
宋词/ci.song.17000.json#206	王□□	汉宫春	作者名含缺字/括注	「王□□」共 1 首（此处为首次出现）	核实作者名；无法补全的统一写法，括注移入 notes
宋词/ci.song.17000.json#226	郭□□	菩萨蛮	作者名含缺字/括注	「郭□□」共 1 首（此处为首次出现）	核实作者名；无法补全的统一写法，括注移入 notes
宋词/ci.song.17000.json#250	徐□	真珠帘	作者名含缺字/括注	「徐□」共 1 首（此处为首次出现）	核实作者名；无法补全的统一写法，括注移入 notes
宋词/ci.song.19000.json#32	江无□	满江红	作者名含缺字/括注	「江无□」共 1 首（此处为首次出现）	核实作者名；无法补全的统一写法，括注移入 notes
宋词/ci.song.20000.json#778	□阳	八声甘州	作者名含缺字/括注	「□阳」共 1 首（此处为首次出现）	核实作者名；无法补全的统一写法，括注移入 notes
宋词/ci.song.21000.json#44	赵□	失调名	作者名含缺字/括注	「赵□」共 1 首（此处为首次出现）	核实作者名；无法补全的统一写法，括注移入 notes
全唐诗/poet.tang.50000.json#222	李翔		首段疑为注文	（《涉道詩》二十八首〖伯三八六六〗）。	若为整段注释，移入 notes 字段
全唐诗/poet.tang.50000.json#367	王梵志		首段疑为注文	（案《全唐詩》無王梵志詩，生平事跡不可考。	若为整段注释，移入 notes 字段
全唐诗/poet.tang.50000.json#532	張鷟	答張文成	首段疑为注文	（案以下各詩，《遊仙窟》雖謂崔十娘所作，要皆張文成戲墨耳。	若为整段注释，移入 notes 字段
全唐诗/poet.tang.50000.json#556	張鷟	詠筝	首段疑为注文	（案以下各詩，《遊仙窟》雖謂崔五嫂所作，要亦張文成戲墨而已。	若为整段注释，移入 notes 字段
全唐诗/poet.tang.50000.json#596	皇甫冉	送韓司直	首段疑为注文	（見宋趙師秀《衆妙集》，並見宋周弼《唐三體詩》卷六。	若为整段注释，移入 notes 字段
全唐诗/poet.tang.50000.json#599	赵居貞	雲門山投龍詩刻（並序）	首段疑为注文	（按《全唐詩》卷二百五十八收此詩，《山左金石志》石刻亦載之，惟異文較多，且序中有	若为整段注释，移入 notes 字段
全唐诗/poet.tang.50000.json#630	范的	時在育王寺書石字奉酬□丞使君寄贈四韻依次用本韻	首段疑为注文	（《金石文鈔》題作《時在育王寺書石中丞使君寄目前四韻奉酬本韻》）拙藝荷才雄，新詩	若为整段注释，移入 notes 字段
全唐诗/poet.tang.50000.json#679	張祜	寓居臨平山下三首	首段疑为注文	（按此第一首亦見《永樂大典》卷二二七一、七模、湖字臨平湖條〖二函二十冊〗。	若为整段注释，移入 notes 字段
全唐诗/poet.tang.50000.json#715	張祜	江上旅伯呈池州杜員外	首段疑为注文	（按《全唐詩》卷五一一收此詩之前四句，缺其後半。	若为整段注释，移入 notes 字段
全唐诗/poet.tang.50000.json#718	張祜	題贈崔權處士	首段疑为注文	（按此詩亦見《永樂大典》卷一三四五○「二寘」「士」字「處士」條。	若为整段注释，移入 notes 字段
全唐诗/poet.tang.50000.json#719	張祜	酬餘姚鄭摸（《大典》作「模」）明府見贈長句四韻	首段疑为注文	（按此詩亦見《永樂大典》卷一一○○○「六姥」「府」字「明府」條。	若为整段注释，移入 notes 字段
全唐诗/poet.tang.50000.json#860	魏璞	尋鳥窠蹟	首段疑为注文	（原注：唐道林禪師入秦望山，見長松蟠曲如蓋，送棲止其上，故稱鳥窠禪師。	若为整段注释，移入 notes 字段
全唐诗/poet.tang.50000.json#898	呂從慶		首段疑为注文	（按《全唐詩》無呂從慶詩。	若为整段注释，移入 notes 字段
全唐诗/poet.tang.50000.json#949	徐鉉		首段疑为注文	（《全唐詩》編徐鉉詩爲六卷，以下二首及句均所未收，據《宋詩紀事》卷三錄補之。	若为整段注释，移入 notes 字段
全唐诗/poet.tang.50000.json#955	范質	誡兒姪八百字	首段疑为注文	（昨得謝課書，希於京秩之中更與遷轉。	若为整段注释，移入 notes 字段
全唐诗/poet.tang.50000.json#984	顏真卿等	竹山連句題潘氏書堂	首段疑为注文	（顏真卿、陸羽、李蕚、裴修、康造、湯清河、清晝、陸士修、房夔、顏粲、顏顓、顏須、	若为整段注释，移入 notes 字段
全唐诗/poet.tang.51000.json#47	崔致遠		首段疑为注文	（案《全唐詩》無崔致遠詩。	若为整段注释，移入 notes 字段
全唐诗/poet.tang.51000.json#112	李淵	爲秦王制詩	首段疑为注文	（初太宗爲秦王，高祖制詩云云。	若为整段注释，移入 notes 字段
全唐诗/poet.tang.51000.json#120	李百藥	過楊玄感墓	首段疑为注文	（《唐書》曰：天后西幸京師，路經楊玄感墓，上誦李百藥《過玄感墓詩》云云，歎曰：「	若为整段注释，移入 notes 字段
全唐诗/poet.tang.51000.json#140	王勃	自鄉[還]（遠）虢	首段疑为注文	（王福畤之子，勔、勮、勃皆有才名，故杜易簡稱爲三珠樹。	若为整段注释，移入 notes 字段
全唐诗/poet.tang.51000.json#173	缺名	五言白話詩	首段疑为注文	（原缺卷首。	若为整段注释，移入 notes 字段
全唐诗/poet.tang.51000.json#200	缺名	五言詩	首段疑为注文	（原爲長篇連續不斷。	若为整段注释，移入 notes 字段
全唐诗/poet.tang.51000.json#214	神秀	偈	首段疑为注文	（五祖弘忍一日會衆傳法弟子，神秀呈偈出於壁間。	若为整段注释，移入 notes 字段
全唐诗/poet.tang.51000.json#216	慧能	偈	首段疑为注文	（慧能不識字，聞人誦神秀偈，乃偈請人書其側曰：）菩提本無樹，明鏡亦非臺。	若为整段注释，移入 notes 字段
全唐诗/poet.tang.51000.json#235	圓觀	竹枝詞	首段疑为注文	（二首○《蜀中名勝記》二三《夔州府·萬縣》引《碑目》云：「大雲寺碑有唐僧圓澤傳。	若为整段注释，移入 notes 字段
全唐诗/poet.tang.51000.json#238	西鄙人	爲哥舒翰歌	首段疑为注文	（天寶中，哥舒翰爲安西節度使，控地數千里，甚著威令。	若为整段注释，移入 notes 字段
全唐诗/poet.tang.51000.json#240	李白	日出東南隅行	首段疑为注文	（《文苑英華》一九三載李白此詩，注云：「集無此詩。	若为整段注释，移入 notes 字段
全唐诗/poet.tang.51000.json#241	李白	代佳人寄翁參樞先輩	首段疑为注文	（《文苑英華》二六二注云：「此詩總目及《李集》皆不載，惟《英華》諸本有之。	若为整段注释，移入 notes 字段
全唐诗/poet.tang.51000.json#250	李白	興唐寺	首段疑为注文	（在歙縣郡城練水西，唐至德二年建。	若为整段注释，移入 notes 字段
全唐诗/poet.tang.51000.json#278	嚴維	經蘭亭故池聯句	首段疑为注文	（原注：鮑防、嚴維、劉全白、宋迪，共三十五人，具姓名。	若为整段注释，移入 notes 字段
全唐诗/poet.tang.51000.json#280	玄覽	題竹	首段疑为注文	（玄覽，大曆末住荆州陟岵寺，道高有風韻，人不可得而親。	若为整段注释，移入 notes 字段
全唐诗/poet.tang.51000.json#283	李穆	留辭	首段疑为注文	（今按：劉長卿另有《送李穆歸淮南詩》，《全唐詩》一五一誤以此詩爲長卿詩○同前八。	若为整段注释，移入 notes 字段
全唐诗/poet.tang.51000.json#289	魏炎	歷山	首段疑为注文	（齊州城東有孤石，平地聳出，俗謂之歷山。	若为整段注释，移入 notes 字段
全唐诗/poet.tang.51000.json#300	陸贄	句	首段疑为注文	（贄爲渭南尉有詩云云。	若为整段注释，移入 notes 字段
全唐诗/poet.tang.51000.json#315	范傳正	題皎然影堂	首段疑为注文	（皎然名晝，以貞元元年終山寺。	若为整段注释，移入 notes 字段
全唐诗/poet.tang.51000.json#325	李正封	賞牡丹（句）	首段疑为注文	（唐文皇好詩，大和中賞牡丹，上謂程脩己曰：「今京邑人傳牡丹詩，誰爲首出？	若为整段注释，移入 notes 字段
全唐诗/poet.tang.51000.json#330	伏牛上人	三傷頌	首段疑为注文	（斯五五五八卷錄此詩，題作「龍興寺香嚴和尚《嗟世三傷吟》」。	若为整段注释，移入 notes 字段
全唐诗/poet.tang.51000.json#339	楊茂卿	過華山（句）（《全唐詩》四八四作楊虞卿句）	首段疑为注文	（《雲谿友議》卷中《中山誨》云：「楊危〖應作茂〗卿配校書《過華山》詩曰〖見下〗。	若为整段注释，移入 notes 字段
全唐诗/poet.tang.51000.json#348	賈餗	貢茶唱和（句）	首段疑为注文	（金沙池泉，在常州宜興縣罨畫溪之東，有寺，寺有碑，載當時杭、湖、常三州貢茶唱和，	若为整段注释，移入 notes 字段
全唐诗/poet.tang.51000.json#368	李德谷	南竄途中感憤（句）	首段疑为注文	（李衛公歷三朝大權，出門下者多矣。	若为整段注释，移入 notes 字段
全唐诗/poet.tang.51000.json#369	廣文諸生	詩	首段疑为注文	（《唐語林》七《補遺》云：「李衛公頗升寒素。	若为整段注释，移入 notes 字段
全唐诗/poet.tang.51000.json#373	李紳	鶯鶯歌（逸句〖1〗）	首段疑为注文	（董解元《西廂記諸宮調》徵引公垂《鶯鶯歌》凡四處。	若为整段注释，移入 notes 字段
全唐诗/poet.tang.52000.json#271	王梵志	詩（幷序） 四十九	首段疑为注文	（前缺）人去像還去，人來像以明。	若为整段注释，移入 notes 字段
全唐诗/poet.tang.52000.json#409	王梵志	迴波樂 六十九	首段疑为注文	（上缺）剝削。	若为整段注释，移入 notes 字段
全唐诗/poet.tang.52000.json#444	高宗皇帝李治	咸亨殿宴近臣諸親柏梁體（題從《全唐詩》）	首段疑为注文	（帝即高宗皇帝李治皇太子即章懷太子李賢霍王元軌高祖第十四子，封霍王，垂拱四年卒相	若为整段注释，移入 notes 字段
全唐诗/poet.tang.52000.json#632	□同	□和	首段疑为注文	（上缺）影□□□□□□□□□□丹。	若为整段注释，移入 notes 字段
全唐诗/poet.tang.52000.json#633	馮□原	同[前]	首段疑为注文	（上缺）如。	若为整段注释，移入 notes 字段
全唐诗/poet.tang.52000.json#634	□馮	同前	首段疑为注文	（上缺）芳（下缺）□□游□浦，弄鳥戲蘭陔。	若为整段注释，移入 notes 字段
全唐诗/poet.tang.52000.json#635	楊潛	同前	首段疑为注文	（上缺）□□□□撫，幽巖有□香。	若为整段注释，移入 notes 字段
全唐诗/poet.tang.52000.json#639	楊□	同前	首段疑为注文	（上缺）□□丹桂□，旖旎綠巖垂。	若为整段注释，移入 notes 字段
全唐诗/poet.tang.52000.json#640	雍州率□□□	同前	首段疑为注文	（上缺）在□□□□巖前□華歷畿（下缺）人眄王孫寔□甄得因（下缺。	若为整段注释，移入 notes 字段
全唐诗/poet.tang.52000.json#641	孫□	同前	首段疑为注文	（上缺）□□火□修□上罩天□孫（下缺）□□承□妓，香風韻管絃。	若为整段注释，移入 notes 字段
全唐诗/poet.tang.53000.json#14	浙東衆詩人	大曆年浙東聯唱集 尋法華寺西溪聯句	首段疑为注文	（賈弇陳允初呂渭張叔政〖肅代間人，《全唐文》卷四三六存《對棄農判》一篇〗鮑防周頌	若为整段注释，移入 notes 字段
全唐诗/poet.tang.53000.json#15	浙東衆詩人	大曆年浙東聯唱集 雲門寺小溪茶宴懷院中諸公	首段疑为注文	（嚴維謝良弼〖謝良輔之昆仲，曾任中書舍人。	若为整段注释，移入 notes 字段
全唐诗/poet.tang.53000.json#17	浙東衆詩人	大曆年浙東聯唱集 自雲門還泛若耶入鏡湖寄院中諸公	首段疑为注文	（謝良弼呂渭鄭槩嚴維裴晃陳允初蕭幼和〖不詳〗）山中秋賞罷，溪上晚歸時。	若为整段注释，移入 notes 字段
全唐诗/poet.tang.53000.json#18	浙東衆詩人	大曆年浙東聯唱集 秋日宴嚴長史宅	首段疑为注文	（鄭槩裴晃嚴維徐嶷〖東海人。	若为整段注释，移入 notes 字段
全唐诗/poet.tang.53000.json#19	浙東衆詩人	大曆年浙東聯唱集 嚴氏園林（六言）	首段疑为注文	（嚴維鄭槩王綱〖大曆九年以大理司直充崑山縣令，首建縣學。	若为整段注释，移入 notes 字段
全唐诗/poet.tang.53000.json#20	浙東衆詩人	大曆年浙東聯唱集 柏梁體狀雲門山物（幷序）	首段疑为注文	（秦瑀〖不詳〗鮑防李聿〖玄宗時清漳令，遷尚書郎。	若为整段注释，移入 notes 字段
全唐诗/poet.tang.53000.json#22	浙東衆詩人	大曆年浙東聯唱集 花巖寺松潭	首段疑为注文	（張叔政嚴維呂渭賈弇周頌鄭槩陳允初□成用）山下花巖會，松間水積深。	若为整段注释，移入 notes 字段
全唐诗/poet.tang.53000.json#24	浙東衆詩人	大曆年浙東聯唱集 登法華寺最高頂憶院中諸公（從一字至九字）	首段疑为注文	（周頌□成用張叔政賈弇[鮑防]嚴維呂渭鄭槩陳允初）身，心。	若为整段注释，移入 notes 字段
全唐诗/poet.tang.53000.json#64	戴叔倫	喜嚴侍御蜀還贈嚴秘書	首段疑为注文	（按：以上三詩，《文苑英華》卷二五五收作戴叔倫詩，卷二五六復收作清江詩。	若为整段注释，移入 notes 字段
全唐诗/poet.tang.53000.json#65	戴叔倫	贈淮西賈兵馬使	首段疑为注文	（按：《文苑英華》卷三○○收作戴叔倫詩，卷二五七收作清江詩。	若为整段注释，移入 notes 字段
全唐诗/poet.tang.53000.json#74	韋應物	春雪（存目）	首段疑为注文	（按：此詩見《文苑英華》卷一五四。	若为整段注释，移入 notes 字段
全唐诗/poet.tang.53000.json#113	戎昱	開元觀陪杜大夫中元日觀樂	首段疑为注文	（按：《全唐詩》卷二七○收此詩，第八句缺一字。	若为整段注释，移入 notes 字段
全唐诗/poet.tang.53000.json#435	崔詞	謁禹廟	首段疑为注文	（按：崔詞疑即與薛苹同題禹廟十七人之一。	若为整段注释，移入 notes 字段
全唐诗/poet.tang.53000.json#436	羊士諤	歷山	首段疑为注文	（按：《全唐詩》卷三三二收此二句，缺題，今重錄。	若为整段注释，移入 notes 字段
全唐诗/poet.tang.53000.json#440	自在	三個不歸頌	首段疑为注文	（按：《全唐詩續補遺》據《鑑誡錄》卷十《高僧諭》條，錄伏牛上人《三傷頌》三首，擬	若为整段注释，移入 notes 字段
全唐诗/poet.tang.54000.json#127	薛能	海棠（補序）	首段疑为注文	（按：《全唐詩》卷五六○錄此序僅存三十九字，殆據《容齋隨筆》卷七之節錄本。	若为整段注释，移入 notes 字段
全唐诗/poet.tang.55000.json#335	徐知證	題東林寺聯句	首段疑为注文	（徐知證虔修李玄李□王三□孟拱辰〖《崇文總目》卷五有《孟拱辰文集》三卷。	若为整段注释，移入 notes 字段
全唐诗/poet.tang.56000.json#332	孫宗閔	愷悌詩（幷序） 澄俗二章（章十句）	首段疑为注文	（上缺）物有方。	若为整段注释，移入 notes 字段
全唐诗/poet.tang.56000.json#345	孫宗閔	愷悌詩（幷序） 翼翼謹心二章（一章十二句，[一章□句]）（翼翼謹心，蒞事也。） 二	首段疑为注文	（上缺）陽，輝光日新。	若为整段注释，移入 notes 字段
全唐诗/poet.tang.56000.json#346	孫宗閔	愷悌詩（幷序） 千里蒸蒸二章（十句）	首段疑为注文	（上缺）教里閭勃興遠是効敦□崇德（下缺）心因，慕之慎□。	若为整段注释，移入 notes 字段
全唐诗/poet.tang.56000.json#614	無名氏	望嶽（題擬）	首段疑为注文	（前缺）霜雪唯惜許，讓王遁時澨。	若为整段注释，移入 notes 字段
全唐诗/poet.tang.56000.json#615	無名氏	山榴（題擬）	首段疑为注文	（前缺）病隨支遁偶行行，正見榴花獨滿庭。	若为整段注释，移入 notes 字段
全唐诗/poet.song.0.json#284	扈蒙	存目  其二	首段疑为注文	（以上劉瑛整理）。	若为整段注释，移入 notes 字段
全唐诗/poet.song.0.json#939	李昉	存目  其三	首段疑为注文	（劉瑛整理）。	若为整段注释，移入 notes 字段
全唐诗/authors.tang.json#131	張祜		作者表重名条目	同名条目下标 131, 2783	同一人则合并小传；不同人则在名字或 id 上区分
全唐诗/authors.tang.json#146	崔湜		作者表重名条目	同名条目下标 146, 2702	同一人则合并小传；不同人则在名字或 id 上区分
全唐诗/authors.tang.json#194	王無競		作者表重名条目	同名条目下标 194, 2703	同一人则合并小传；不同人则在名字或 id 上区分
全唐诗/authors.tang.json#348	王績		作者表重名条目	同名条目下标 348, 2740	同一人则合并小传；不同人则在名字或 id 上区分
全唐诗/authors.tang.json#416	李適		作者表重名条目	同名条目下标 416, 2704	同一人则合并小传；不同人则在名字或 id 上区分
全唐诗/authors.tang.json#445	喬備		作者表重名条目	同名条目下标 445, 2705	同一人则合并小传；不同人则在名字或 id 上区分
全唐诗/authors.tang.json#449	魏奉古		作者表重名条目	同名条目下标 449, 2707	同一人则合并小传；不同人则在名字或 id 上区分
全唐诗/authors.tang.json#457	劉知幾		作者表重名条目	同名条目下标 457, 2708	同一人则合并小传；不同人则在名字或 id 上区分
全唐诗/authors.tang.json#486	元希聲		作者表重名条目	同名条目下标 486, 2709	同一人则合并小传；不同人则在名字或 id 上区分
全唐诗/authors.tang.json#530	胡皓		作者表重名条目	同名条目下标 530, 2711	同一人则合并小传；不同人则在名字或 id 上区分
全唐诗/authors.tang.json#2196	栖白		作者表重名条目	同名条目下标 2196, 2813	同一人则合并小传；不同人则在名字或 id 上区分
全唐诗/authors.tang.json#2284	吳筠		作者表重名条目	同名条目下标 2284, 2823	同一人则合并小传；不同人则在名字或 id 上区分
全唐诗/authors.tang.json#38	蜀太妃徐氏		作者小传为空	desc 为空	补写小传，或确认无传可考
全唐诗/authors.tang.json#40	不詳		作者小传为空	desc 为空	补写小传，或确认无传可考
全唐诗/authors.tang.json#45	林鍾宮		作者小传为空	desc 为空	补写小传，或确认无传可考
全唐诗/authors.tang.json#56	賀知章、源乾曜		作者小传为空	desc 为空	补写小传，或确认无传可考
全唐诗/authors.tang.json#65	裴璀		作者小传为空	desc 为空	补写小传，或确认无传可考
全唐诗/authors.tang.json#66	魏徵、褚亮		作者小传为空	desc 为空	补写小传，或确认无传可考
全唐诗/authors.tang.json#76	李舒		作者小传为空	desc 为空	补写小传，或确认无传可考
全唐诗/authors.tang.json#78	丘說		作者小传为空	desc 为空	补写小传，或确认无传可考
全唐诗/authors.tang.json#84	劉子玄		作者小传为空	desc 为空	补写小传，或确认无传可考
全唐诗/authors.tang.json#98	趙光逢、張衮		作者小传为空	desc 为空	补写小传，或确认无传可考
全唐诗/authors.tang.json#99	崔居儉、盧文紀		作者小传为空	desc 为空	补写小传，或确认无传可考
全唐诗/authors.tang.json#106	僧貫休		作者小传为空	desc 为空	补写小传，或确认无传可考
全唐诗/authors.tang.json#114	僧齊己		作者小传为空	desc 为空	补写小传，或确认无传可考
全唐诗/authors.tang.json#119	劉氏雲		作者小传为空	desc 为空	补写小传，或确认无传可考
全唐诗/authors.tang.json#128	僧皎然		作者小传为空	desc 为空	补写小传，或确认无传可考
全唐诗/authors.tang.json#139	耿[湋]		作者小传为空	desc 为空	补写小传，或确认无传可考
全唐诗/authors.tang.json#140	劉濟		作者小传为空	desc 为空	补写小传，或确认无传可考
全唐诗/authors.tang.json#148	歐陽瑾		作者小传为空	desc 为空	补写小传，或确认无传可考
全唐诗/authors.tang.json#150	余延壽		作者小传为空	desc 为空	补写小传，或确认无传可考
全唐诗/authors.tang.json#154	鮑氏君[徽]微		作者小传为空	desc 为空	补写小传，或确认无传可考
全唐诗/authors.tang.json#156	鄭渥		作者小传为空	desc 为空	补写小传，或确认无传可考
全唐诗/authors.tang.json#165	紀唐天		作者小传为空	desc 为空	补写小传，或确认无传可考
全唐诗/authors.tang.json#174	趙微明		作者小传为空	desc 为空	补写小传，或确认无传可考
全唐诗/authors.tang.json#178	郎大家宋氏		作者小传为空	desc 为空	补写小传，或确认无传可考
全唐诗/authors.tang.json#179	李彥暐		作者小传为空	desc 为空	补写小传，或确认无传可考
全唐诗/authors.tang.json#181	梁獻		作者小传为空	desc 为空	补写小传，或确认无传可考
全唐诗/authors.tang.json#185	東方虯		作者小传为空	desc 为空	补写小传，或确认无传可考
全唐诗/authors.tang.json#186	郭元振		作者小传为空	desc 为空	补写小传，或确认无传可考
全唐诗/authors.tang.json#191	王偃		作者小传为空	desc 为空	补写小传，或确认无传可考
全唐诗/authors.tang.json#193	陳昭		作者小传为空	desc 为空	补写小传，或确认无传可考
全唐诗/authors.tang.json#197	張氏琰		作者小传为空	desc 为空	补写小传，或确认无传可考
全唐诗/authors.tang.json#198	梁氏瓊		作者小传为空	desc 为空	补写小传，或确认无传可考
全唐诗/authors.tang.json#203	吳燭		作者小传为空	desc 为空	补写小传，或确认无传可考
全唐诗/authors.tang.json#204	朱光弼		作者小传为空	desc 为空	补写小传，或确认无传可考
全唐诗/authors.tang.json#206	程氏長文		作者小传为空	desc 为空	补写小传，或确认无传可考
全唐诗/authors.tang.json#207	韩愈		作者小传为空	desc 为空	补写小传，或确认无传可考
全唐诗/authors.tang.json#219	僧子蘭		作者小传为空	desc 为空	补写小传，或确认无传可考
全唐诗/authors.tang.json#221	張汯		作者小传为空	desc 为空	补写小传，或确认无传可考
全唐诗/authors.tang.json#222	劉元濟		作者小传为空	desc 为空	补写小传，或确认无传可考
全唐诗/authors.tang.json#223	李暇		作者小传为空	desc 为空	补写小传，或确认无传可考
全唐诗/authors.tang.json#224	劉义		作者小传为空	desc 为空	补写小传，或确认无传可考
全唐诗/authors.tang.json#225	姚氏月華		作者小传为空	desc 为空	补写小传，或确认无传可考
全唐诗/authors.tang.json#228	張脩之		作者小传为空	desc 为空	补写小传，或确认无传可考
全唐诗/authors.tang.json#230	劉皁		作者小传为空	desc 为空	补写小传，或确认无传可考
全唐诗/authors.tang.json#236	劉氏媛		作者小传为空	desc 为空	补写小传，或确认无传可考
全唐诗/authors.tang.json#239	張烜		作者小传为空	desc 为空	补写小传，或确认无传可考
全唐诗/authors.tang.json#240	王沈		作者小传为空	desc 为空	补写小传，或确认无传可考
全唐诗/authors.tang.json#243	薛耀		作者小传为空	desc 为空	补写小传，或确认无传可考
全唐诗/authors.tang.json#253	失撰人名		作者小传为空	desc 为空	补写小传，或确认无传可考
全唐诗/authors.tang.json#260	楊淩		作者小传为空	desc 为空	补写小传，或确认无传可考
全唐诗/authors.tang.json#263	李季蘭		作者小传为空	desc 为空	补写小传，或确认无传可考
全唐诗/authors.tang.json#268	劉元淑		作者小传为空	desc 为空	补写小传，或确认无传可考
全唐诗/authors.tang.json#269	盧弼		作者小传为空	desc 为空	补写小传，或确认无传可考
全唐诗/authors.tang.json#274	虞羽客		作者小传为空	desc 为空	补写小传，或确认无传可考
全唐诗/authors.tang.json#280	張熾		作者小传为空	desc 为空	补写小传，或确认无传可考
全唐诗/authors.tang.json#282	辛弘智		作者小传为空	desc 为空	补写小传，或确认无传可考
全唐诗/authors.tang.json#290	常理		作者小传为空	desc 为空	补写小传，或确认无传可考
全唐诗/authors.tang.json#293	劉氏瑤		作者小传为空	desc 为空	补写小传，或确认无传可考
全唐诗/authors.tang.json#296	王訓		作者小传为空	desc 为空	补写小传，或确认无传可考
全唐诗/authors.tang.json#297	田娥		作者小传为空	desc 为空	补写小传，或确认无传可考
全唐诗/authors.tang.json#299	李章		作者小传为空	desc 为空	补写小传，或确认无传可考
全唐诗/authors.tang.json#305	蓋嘉運		作者小传为空	desc 为空	补写小传，或确认无传可考
全唐诗/authors.tang.json#306	楊敬述進		作者小传为空	desc 为空	补写小传，或确认无传可考
全唐诗/authors.tang.json#316	滕潛		作者小传为空	desc 为空	补写小传，或确认无传可考
全唐诗/authors.tang.json#317	吉中孚妻張氏		作者小传为空	desc 为空	补写小传，或确认无传可考
全唐诗/authors.tang.json#324	薛維翰		作者小传为空	desc 为空	补写小传，或确认无传可考
全唐诗/authors.tang.json#802	暢諸		作者小传为空	desc 为空	补写小传，或确认无传可考
全唐诗/authors.tang.json#919	權德舆		作者小传为空	desc 为空	补写小传，或确认无传可考
全唐诗/authors.tang.json#1641	鄭軌		作者小传为空	desc 为空	补写小传，或确认无传可考
全唐诗/authors.tang.json#1642	劉戩		作者小传为空	desc 为空	补写小传，或确认无传可考
全唐诗/authors.tang.json#1643	楊齊哲		作者小传为空	desc 为空	补写小传，或确认无传可考
全唐诗/authors.tang.json#1644	劉夷道		作者小传为空	desc 为空	补写小传，或确认无传可考
全唐诗/authors.tang.json#1645	楊希道		作者小传为空	desc 为空	补写小传，或确认无传可考
全唐诗/authors.tang.json#1646	王勣		作者小传为空	desc 为空	补写小传，或确认无传可考
全唐诗/authors.tang.json#1647	郭恭		作者小传为空	desc 为空	补写小传，或确认无传可考
全唐诗/authors.tang.json#1648	張修之		作者小传为空	desc 为空	补写小传，或确认无传可考
全唐诗/authors.tang.json#1649	符子珪		作者小传为空	desc 为空	补写小传，或确认无传可考
全唐诗/authors.tang.json#1650	李何		作者小传为空	desc 为空	补写小传，或确认无传可考
全唐诗/authors.tang.json#1651	鄭鏦		作者小传为空	desc 为空	补写小传，或确认无传可考
全唐诗/authors.tang.json#1652	紇干著		作者小传为空	desc 为空	补写小传，或确认无传可考
全唐诗/authors.tang.json#1653	李習		作者小传为空	desc 为空	补写小传，或确认无传可考
全唐诗/authors.tang.json#1654	顏舒		作者小传为空	desc 为空	补写小传，或确认无传可考
全唐诗/authors.tang.json#1655	朱絳		作者小传为空	desc 为空	补写小传，或确认无传可考
全唐诗/authors.tang.json#1657	徐安期		作者小传为空	desc 为空	补写小传，或确认无传可考
全唐诗/authors.tang.json#1658	裴延		作者小传为空	desc 为空	补写小传，或确认无传可考
全唐诗/authors.tang.json#1659	陳述		作者小传为空	desc 为空	补写小传，或确认无传可考
全唐诗/authors.tang.json#1660	朱琳		作者小传为空	desc 为空	补写小传，或确认无传可考
全唐诗/authors.tang.json#1661	謝陶		作者小传为空	desc 为空	补写小传，或确认无传可考
全唐诗/authors.tang.json#1662	何贊		作者小传为空	desc 为空	补写小传，或确认无传可考
全唐诗/authors.tang.json#1663	解彥融		作者小传为空	desc 为空	补写小传，或确认无传可考
全唐诗/authors.tang.json#1664	董初		作者小传为空	desc 为空	补写小传，或确认无传可考
全唐诗/authors.tang.json#1665	賀朝清		作者小传为空	desc 为空	补写小传，或确认无传可考
全唐诗/authors.tang.json#1666	唐暄		作者小传为空	desc 为空	补写小传，或确认无传可考
全唐诗/authors.tang.json#1667	李韶		作者小传为空	desc 为空	补写小传，或确认无传可考
全唐诗/authors.tang.json#1668	韋鵬翼		作者小传为空	desc 为空	补写小传，或确认无传可考
全唐诗/authors.tang.json#1669	安鴻漸		作者小传为空	desc 为空	补写小传，或确认无传可考
全唐诗/authors.tang.json#1670	李延陵		作者小传为空	desc 为空	补写小传，或确认无传可考
全唐诗/authors.tang.json#1671	秦尚運		作者小传为空	desc 为空	补写小传，或确认无传可考
全唐诗/authors.tang.json#1672	張仲謀		作者小传为空	desc 为空	补写小传，或确认无传可考
全唐诗/authors.tang.json#1673	馮少吉		作者小传为空	desc 为空	补写小传，或确认无传可考
全唐诗/authors.tang.json#1674	殷陶		作者小传为空	desc 为空	补写小传，或确认无传可考
全唐诗/authors.tang.json#1675	羅炯		作者小传为空	desc 为空	补写小传，或确认无传可考
全唐诗/authors.tang.json#1676	韓雄		作者小传为空	desc 为空	补写小传，或确认无传可考
全唐诗/authors.tang.json#1677	苗仲方		作者小传为空	desc 为空	补写小传，或确认无传可考
全唐诗/authors.tang.json#1678	陳嶰		作者小传为空	desc 为空	补写小传，或确认无传可考
全唐诗/authors.tang.json#1679	張起		作者小传为空	desc 为空	补写小传，或确认无传可考
全唐诗/authors.tang.json#1680	陳政		作者小传为空	desc 为空	补写小传，或确认无传可考
全唐诗/authors.tang.json#1681	李建業		作者小传为空	desc 为空	补写小传，或确认无传可考
全唐诗/authors.tang.json#1682	羅維		作者小传为空	desc 为空	补写小传，或确认无传可考
全唐诗/authors.tang.json#1683	殷益		作者小传为空	desc 为空	补写小传，或确认无传可考
全唐诗/authors.tang.json#1684	李得		作者小传为空	desc 为空	补写小传，或确认无传可考
全唐诗/authors.tang.json#1685	王邵		作者小传为空	desc 为空	补写小传，或确认无传可考
全唐诗/authors.tang.json#1686	曹脩古		作者小传为空	desc 为空	补写小传，或确认无传可考
全唐诗/authors.tang.json#1688	嚴郭		作者小传为空	desc 为空	补写小传，或确认无传可考
全唐诗/authors.tang.json#1689	張子明		作者小传为空	desc 为空	补写小传，或确认无传可考
全唐诗/authors.tang.json#1690	李謹言		作者小传为空	desc 为空	补写小传，或确认无传可考
全唐诗/authors.tang.json#1691	張保嗣		作者小传为空	desc 为空	补写小传，或确认无传可考
全唐诗/authors.tang.json#1692	潘圖		作者小传为空	desc 为空	补写小传，或确认无传可考
全唐诗/authors.tang.json#1693	潘佐		作者小传为空	desc 为空	补写小传，或确认无传可考
全唐诗/authors.tang.json#1694	李逸		作者小传为空	desc 为空	补写小传，或确认无传可考
全唐诗/authors.tang.json#1695	沈麟		作者小传为空	desc 为空	补写小传，或确认无传可考
全唐诗/authors.tang.json#1696	安鳳		作者小传为空	desc 为空	补写小传，或确认无传可考
全唐诗/authors.tang.json#1697	李倫		作者小传为空	desc 为空	补写小传，或确认无传可考
全唐诗/authors.tang.json#1698	盧子發		作者小传为空	desc 为空	补写小传，或确认无传可考
全唐诗/authors.tang.json#1699	王夢周		作者小传为空	desc 为空	补写小传，或确认无传可考
全唐诗/authors.tang.json#1700	孫咸		作者小传为空	desc 为空	补写小传，或确认无传可考
全唐诗/authors.tang.json#1701	李澣		作者小传为空	desc 为空	补写小传，或确认无传可考
全唐诗/authors.tang.json#1702	錢戭		作者小传为空	desc 为空	补写小传，或确认无传可考
全唐诗/authors.tang.json#1703	韋道遜		作者小传为空	desc 为空	补写小传，或确认无传可考
全唐诗/authors.tang.json#1704	王揆		作者小传为空	desc 为空	补写小传，或确认无传可考
全唐诗/authors.tang.json#1705	王言史		作者小传为空	desc 为空	补写小传，或确认无传可考
全唐诗/authors.tang.json#1706	宋雍		作者小传为空	desc 为空	补写小传，或确认无传可考
全唐诗/authors.tang.json#1707	戴休珽		作者小传为空	desc 为空	补写小传，或确认无传可考
全唐诗/authors.tang.json#1708	盧鉟		作者小传为空	desc 为空	补写小传，或确认无传可考
全唐诗/authors.tang.json#1709	趙摶		作者小传为空	desc 为空	补写小传，或确认无传可考
全唐诗/authors.tang.json#1710	張安石		作者小传为空	desc 为空	补写小传，或确认无传可考
全唐诗/authors.tang.json#1711	蔣吉		作者小传为空	desc 为空	补写小传，或确认无传可考
全唐诗/authors.tang.json#1712	周濆		作者小传为空	desc 为空	补写小传，或确认无传可考
全唐诗/authors.tang.json#1713	趙起		作者小传为空	desc 为空	补写小传，或确认无传可考
全唐诗/authors.tang.json#1714	王瓚		作者小传为空	desc 为空	补写小传，或确认无传可考
全唐诗/authors.tang.json#1715	慕容韋		作者小传为空	desc 为空	补写小传，或确认无传可考
全唐诗/authors.tang.json#1716	黃文		作者小传为空	desc 为空	补写小传，或确认无传可考
全唐诗/authors.tang.json#1717	唐溫如		作者小传为空	desc 为空	补写小传，或确认无传可考
全唐诗/authors.tang.json#1718	歐陽賓		作者小传为空	desc 为空	补写小传，或确认无传可考
全唐诗/authors.tang.json#1719	何敬		作者小传为空	desc 为空	补写小传，或确认无传可考
全唐诗/authors.tang.json#1720	楊彝		作者小传为空	desc 为空	补写小传，或确认无传可考
全唐诗/authors.tang.json#1721	裴瑤		作者小传为空	desc 为空	补写小传，或确认无传可考
全唐诗/authors.tang.json#1722	鄭玉		作者小传为空	desc 为空	补写小传，或确认无传可考
全唐诗/authors.tang.json#1723	麻溫其		作者小传为空	desc 为空	补写小传，或确认无传可考
全唐诗/authors.tang.json#1724	韋鎰		作者小传为空	desc 为空	补写小传，或确认无传可考
全唐诗/authors.tang.json#1725	謝太虛		作者小传为空	desc 为空	补写小传，或确认无传可考
全唐诗/authors.tang.json#1726	周岳秀		作者小传为空	desc 为空	补写小传，或确认无传可考
全唐诗/authors.tang.json#1728	蕭意		作者小传为空	desc 为空	补写小传，或确认无传可考
全唐诗/authors.tang.json#1729	徐之才		作者小传为空	desc 为空	补写小传，或确认无传可考
全唐诗/authors.tang.json#1730	張陵		作者小传为空	desc 为空	补写小传，或确认无传可考
全唐诗/authors.tang.json#1731	蔡瓌		作者小传为空	desc 为空	补写小传，或确认无传可考
全唐诗/authors.tang.json#1732	唐怡		作者小传为空	desc 为空	补写小传，或确认无传可考
全唐诗/authors.tang.json#1733	潘求仁		作者小传为空	desc 为空	补写小传，或确认无传可考
全唐诗/authors.tang.json#1734	閻德隱		作者小传为空	desc 为空	补写小传，或确认无传可考
全唐诗/authors.tang.json#1735	劉元叔		作者小传为空	desc 为空	补写小传，或确认无传可考
全唐诗/authors.tang.json#1737	冷朝光		作者小传为空	desc 为空	补写小传，或确认无传可考
全唐诗/authors.tang.json#1738	衛萬		作者小传为空	desc 为空	补写小传，或确认无传可考
全唐诗/authors.tang.json#1739	吉師老		作者小传为空	desc 为空	补写小传，或确认无传可考
全唐诗/authors.tang.json#1740	吳商浩		作者小传为空	desc 为空	补写小传，或确认无传可考
全唐诗/authors.tang.json#1741	沈祖仙		作者小传为空	desc 为空	补写小传，或确认无传可考
全唐诗/authors.tang.json#1742	邵士彥		作者小传为空	desc 为空	补写小传，或确认无传可考
全唐诗/authors.tang.json#1743	吳大江		作者小传为空	desc 为空	补写小传，或确认无传可考
全唐诗/authors.tang.json#1744	荆叔		作者小传为空	desc 为空	补写小传，或确认无传可考
全唐诗/authors.tang.json#1745	蕭靜		作者小传为空	desc 为空	补写小传，或确认无传可考
全唐诗/authors.tang.json#1746	元凜		作者小传为空	desc 为空	补写小传，或确认无传可考
全唐诗/authors.tang.json#1747	徐振		作者小传为空	desc 为空	补写小传，或确认无传可考
全唐诗/authors.tang.json#1748	張侹		作者小传为空	desc 为空	补写小传，或确认无传可考
全唐诗/authors.tang.json#1749	方澤		作者小传为空	desc 为空	补写小传，或确认无传可考
全唐诗/authors.tang.json#1750	景池		作者小传为空	desc 为空	补写小传，或确认无传可考
全唐诗/authors.tang.json#1752	姚揆		作者小传为空	desc 为空	补写小传，或确认无传可考
全唐诗/authors.tang.json#1753	崔江		作者小传为空	desc 为空	补写小传，或确认无传可考
全唐诗/authors.tang.json#1754	李伉		作者小传为空	desc 为空	补写小传，或确认无传可考
全唐诗/authors.tang.json#1756	易思		作者小传为空	desc 为空	补写小传，或确认无传可考
全唐诗/authors.tang.json#1757	趙防		作者小传为空	desc 为空	补写小传，或确认无传可考
全唐诗/authors.tang.json#1758	劉廓		作者小传为空	desc 为空	补写小传，或确认无传可考
全唐诗/authors.tang.json#1759	姚偓		作者小传为空	desc 为空	补写小传，或确认无传可考
全唐诗/authors.tang.json#1760	戴衢		作者小传为空	desc 为空	补写小传，或确认无传可考
全唐诗/authors.tang.json#1761	李建樞		作者小传为空	desc 为空	补写小传，或确认无传可考
全唐诗/authors.tang.json#1762	謝邈		作者小传为空	desc 为空	补写小传，或确认无传可考
全唐诗/authors.tang.json#1764	方棫		作者小传为空	desc 为空	补写小传，或确认无传可考
全唐诗/authors.tang.json#1765	范夜		作者小传为空	desc 为空	补写小传，或确认无传可考
全唐诗/authors.tang.json#1766	盧羣玉		作者小传为空	desc 为空	补写小传，或确认无传可考
全唐诗/authors.tang.json#1767	楊行敏		作者小传为空	desc 为空	补写小传，或确认无传可考
全唐诗/authors.tang.json#1768	張懷		作者小传为空	desc 为空	补写小传，或确认无传可考
全唐诗/authors.tang.json#1769	趙湘		作者小传为空	desc 为空	补写小传，或确认无传可考
全唐诗/authors.tang.json#1770	楊持		作者小传为空	desc 为空	补写小传，或确认无传可考
全唐诗/authors.tang.json#1771	李聰		作者小传为空	desc 为空	补写小传，或确认无传可考
全唐诗/authors.tang.json#1772	徐介		作者小传为空	desc 为空	补写小传，或确认无传可考
全唐诗/authors.tang.json#1773	李士元		作者小传为空	desc 为空	补写小传，或确认无传可考
全唐诗/authors.tang.json#1774	馮道之		作者小传为空	desc 为空	补写小传，或确认无传可考
全唐诗/authors.tang.json#1775	徐謙		作者小传为空	desc 为空	补写小传，或确认无传可考
全唐诗/authors.tang.json#1777	楊逵		作者小传为空	desc 为空	补写小传，或确认无传可考
全唐诗/authors.tang.json#1778	魏兼恕		作者小传为空	desc 为空	补写小传，或确认无传可考
全唐诗/authors.tang.json#1779	賈彥璋		作者小传为空	desc 为空	补写小传，或确认无传可考
全唐诗/authors.tang.json#1780	李叔卿		作者小传为空	desc 为空	补写小传，或确认无传可考
全唐诗/authors.tang.json#1781	熊曜		作者小传为空	desc 为空	补写小传，或确认无传可考
全唐诗/authors.tang.json#1782	李賓		作者小传为空	desc 为空	补写小传，或确认无传可考
全唐诗/authors.tang.json#1783	唐堯臣		作者小传为空	desc 为空	补写小传，或确认无传可考
全唐诗/authors.tang.json#1784	鄭縉		作者小传为空	desc 为空	补写小传，或确认无传可考
全唐诗/authors.tang.json#1785	吳英秀		作者小传为空	desc 为空	补写小传，或确认无传可考
全唐诗/authors.tang.json#1786	陳凝		作者小传为空	desc 为空	补写小传，或确认无传可考
全唐诗/authors.tang.json#1787	伊夢昌		作者小传为空	desc 为空	补写小传，或确认无传可考
全唐诗/authors.tang.json#1788	鄭嚴		作者小传为空	desc 为空	补写小传，或确认无传可考
全唐诗/authors.tang.json#1789	柳曾		作者小传为空	desc 为空	补写小传，或确认无传可考
全唐诗/authors.tang.json#1790	牛殳		作者小传为空	desc 为空	补写小传，或确认无传可考
全唐诗/authors.tang.json#1791	衛光一		作者小传为空	desc 为空	补写小传，或确认无传可考
全唐诗/authors.tang.json#1792	林璠		作者小传为空	desc 为空	补写小传，或确认无传可考
全唐诗/authors.tang.json#1793	顏胄		作者小传为空	desc 为空	补写小传，或确认无传可考
全唐诗/authors.tang.json#1794	邢象玉		作者小传为空	desc 为空	补写小传，或确认无传可考
全唐诗/authors.tang.json#1795	張敬徽		作者小传为空	desc 为空	补写小传，或确认无传可考
全唐诗/authors.tang.json#1796	徐玄之		作者小传为空	desc 为空	补写小传，或确认无传可考
全唐诗/authors.tang.json#1797	郭汭		作者小传为空	desc 为空	补写小传，或确认无传可考
全唐诗/authors.tang.json#1798	權徹		作者小传为空	desc 为空	补写小传，或确认无传可考
全唐诗/authors.tang.json#1799	豆盧回		作者小传为空	desc 为空	补写小传，或确认无传可考
全唐诗/authors.tang.json#1800	張南容		作者小传为空	desc 为空	补写小传，或确认无传可考
全唐诗/authors.tang.json#1801	沈徽		作者小传为空	desc 为空	补写小传，或确认无传可考
全唐诗/authors.tang.json#1802	林琨		作者小传为空	desc 为空	补写小传，或确认无传可考
全唐诗/authors.tang.json#1803	吳象之		作者小传为空	desc 为空	补写小传，或确认无传可考
全唐诗/authors.tang.json#1804	鄭德玄		作者小传为空	desc 为空	补写小传，或确认无传可考
全唐诗/authors.tang.json#1805	張軫		作者小传为空	desc 为空	补写小传，或确认无传可考
全唐诗/authors.tang.json#1806	蔡文恭		作者小传为空	desc 为空	补写小传，或确认无传可考
全唐诗/authors.tang.json#1807	賈宗		作者小传为空	desc 为空	补写小传，或确认无传可考
全唐诗/authors.tang.json#1808	唐堯客		作者小传为空	desc 为空	补写小传，或确认无传可考
全唐诗/authors.tang.json#1809	朱晦		作者小传为空	desc 为空	补写小传，或确认无传可考
全唐诗/authors.tang.json#1810	石召		作者小传为空	desc 为空	补写小传，或确认无传可考
全唐诗/authors.tang.json#1811	林珝		作者小传为空	desc 为空	补写小传，或确认无传可考
全唐诗/authors.tang.json#1812	衛葉		作者小传为空	desc 为空	补写小传，或确认无传可考
全唐诗/authors.tang.json#1813	李季華		作者小传为空	desc 为空	补写小传，或确认无传可考
全唐诗/authors.tang.json#1814	王玄		作者小传为空	desc 为空	补写小传，或确认无传可考
全唐诗/authors.tang.json#1815	李歸唐		作者小传为空	desc 为空	补写小传，或确认无传可考
全唐诗/authors.tang.json#1816	顧甄遠		作者小传为空	desc 为空	补写小传，或确认无传可考
全唐诗/authors.tang.json#1817	魏巒		作者小传为空	desc 为空	补写小传，或确认无传可考
全唐诗/authors.tang.json#1818	柳明獻		作者小传为空	desc 为空	补写小传，或确认无传可考
全唐诗/authors.tang.json#1819	蔡崑		作者小传为空	desc 为空	补写小传，或确认无传可考
全唐诗/authors.tang.json#1820	令狐挺		作者小传为空	desc 为空	补写小传，或确认无传可考
全唐诗/authors.tang.json#1821	夏侯子雲		作者小传为空	desc 为空	补写小传，或确认无传可考
全唐诗/authors.tang.json#1822	方愚		作者小传为空	desc 为空	补写小传，或确认无传可考
全唐诗/authors.tang.json#1823	潘雍		作者小传为空	desc 为空	补写小传，或确认无传可考
全唐诗/authors.tang.json#1824	梁陟		作者小传为空	desc 为空	补写小传，或确认无传可考
全唐诗/authors.tang.json#1825	朱延		作者小传为空	desc 为空	补写小传，或确认无传可考
全唐诗/authors.tang.json#1826	寇埴		作者小传为空	desc 为空	补写小传，或确认无传可考
全唐诗/authors.tang.json#1827	馮渚		作者小传为空	desc 为空	补写小传，或确认无传可考
全唐诗/authors.tang.json#1828	王約		作者小传为空	desc 为空	补写小传，或确认无传可考
全唐诗/authors.tang.json#1829	郭求		作者小传为空	desc 为空	补写小传，或确认无传可考
全唐诗/authors.tang.json#1830	鄭師貞		作者小传为空	desc 为空	补写小传，或确认无传可考
全唐诗/authors.tang.json#1831	石殷士		作者小传为空	desc 为空	补写小传，或确认无传可考
全唐诗/authors.tang.json#1832	柴宿		作者小传为空	desc 为空	补写小传，或确认无传可考
全唐诗/authors.tang.json#1833	陶拱		作者小传为空	desc 为空	补写小传，或确认无传可考
全唐诗/authors.tang.json#1834	劉𤤺		作者小传为空	desc 为空	补写小传，或确认无传可考
全唐诗/authors.tang.json#1835	朱華		作者小传为空	desc 为空	补写小传，或确认无传可考
全唐诗/authors.tang.json#1836	戴察		作者小传为空	desc 为空	补写小传，或确认无传可考
全唐诗/authors.tang.json#1837	孫顧		作者小传为空	desc 为空	补写小传，或确认无传可考
全唐诗/authors.tang.json#1838	孫頠		作者小传为空	desc 为空	补写小传，或确认无传可考
全唐诗/authors.tang.json#1839	陳璀		作者小传为空	desc 为空	补写小传，或确认无传可考
全唐诗/authors.tang.json#1840	裴杞		作者小传为空	desc 为空	补写小传，或确认无传可考
全唐诗/authors.tang.json#1841	陳祜		作者小传为空	desc 为空	补写小传，或确认无传可考
全唐诗/authors.tang.json#1842	吳秘		作者小传为空	desc 为空	补写小传，或确认无传可考
全唐诗/authors.tang.json#1844	穆寂		作者小传为空	desc 为空	补写小传，或确认无传可考
全唐诗/authors.tang.json#1845	王景中		作者小传为空	desc 为空	补写小传，或确认无传可考
全唐诗/authors.tang.json#1846	鄧倚		作者小传为空	desc 为空	补写小传，或确认无传可考
全唐诗/authors.tang.json#1847	湯洙		作者小传为空	desc 为空	补写小传，或确认无传可考
全唐诗/authors.tang.json#1848	殷琮		作者小传为空	desc 为空	补写小传，或确认无传可考
全唐诗/authors.tang.json#1849	朱延齡		作者小传为空	desc 为空	补写小传，或确认无传可考
全唐诗/authors.tang.json#1850	鄭蕡		作者小传为空	desc 为空	补写小传，或确认无传可考
全唐诗/authors.tang.json#1851	裴元		作者小传为空	desc 为空	补写小传，或确认无传可考
全唐诗/authors.tang.json#1852	杜周士		作者小传为空	desc 为空	补写小传，或确认无传可考
全唐诗/authors.tang.json#1853	樂伸		作者小传为空	desc 为空	补写小传，或确认无传可考
全唐诗/authors.tang.json#1854	徐至		作者小传为空	desc 为空	补写小传，或确认无传可考
全唐诗/authors.tang.json#1855	紇干諷		作者小传为空	desc 为空	补写小传，或确认无传可考
全唐诗/authors.tang.json#1856	朱休		作者小传为空	desc 为空	补写小传，或确认无传可考
全唐诗/authors.tang.json#1857	李沛		作者小传为空	desc 为空	补写小传，或确认无传可考
全唐诗/authors.tang.json#1858	成㟧		作者小传为空	desc 为空	补写小传，或确认无传可考
全唐诗/authors.tang.json#1859	夏侯楚		作者小传为空	desc 为空	补写小传，或确认无传可考
全唐诗/authors.tang.json#1860	胡權		作者小传为空	desc 为空	补写小传，或确认无传可考
全唐诗/authors.tang.json#1861	郭邕		作者小传为空	desc 为空	补写小传，或确认无传可考
全唐诗/authors.tang.json#1862	張欽敬		作者小传为空	desc 为空	补写小传，或确认无传可考
全唐诗/authors.tang.json#1863	叔孫玄觀		作者小传为空	desc 为空	补写小传，或确认无传可考
全唐诗/authors.tang.json#1864	南巨川		作者小传为空	desc 为空	补写小传，或确认无传可考
全唐诗/authors.tang.json#1865	丁居晦		作者小传为空	desc 为空	补写小传，或确认无传可考
全唐诗/authors.tang.json#1866	辛宏		作者小传为空	desc 为空	补写小传，或确认无传可考
全唐诗/authors.tang.json#1867	康翊仁		作者小传为空	desc 为空	补写小传，或确认无传可考
全唐诗/authors.tang.json#1868	陳中師		作者小传为空	desc 为空	补写小传，或确认无传可考
全唐诗/authors.tang.json#1869	管雄甫		作者小传为空	desc 为空	补写小传，或确认无传可考
全唐诗/authors.tang.json#1870	鄧陟		作者小传为空	desc 为空	补写小传，或确认无传可考
全唐诗/authors.tang.json#1871	呂價		作者小传为空	desc 为空	补写小传，或确认无传可考
全唐诗/authors.tang.json#1872	苑䛆		作者小传为空	desc 为空	补写小传，或确认无传可考
全唐诗/authors.tang.json#1873	羅泰		作者小传为空	desc 为空	补写小传，或确认无传可考
全唐诗/authors.tang.json#1874	崔藩		作者小传为空	desc 为空	补写小传，或确认无传可考
全唐诗/authors.tang.json#1875	李勳		作者小传为空	desc 为空	补写小传，或确认无传可考
全唐诗/authors.tang.json#1876	趙鐸		作者小传为空	desc 为空	补写小传，或确认无传可考
全唐诗/authors.tang.json#1877	徐元鼎		作者小传为空	desc 为空	补写小传，或确认无传可考
全唐诗/authors.tang.json#1879	呂炅		作者小传为空	desc 为空	补写小传，或确认无传可考
全唐诗/authors.tang.json#1880	劉公興		作者小传为空	desc 为空	补写小传，或确认无传可考
全唐诗/authors.tang.json#1881	王卓		作者小传为空	desc 为空	补写小传，或确认无传可考
全唐诗/authors.tang.json#1882	石倚		作者小传为空	desc 为空	补写小传，或确认无传可考
全唐诗/authors.tang.json#1883	葉元良		作者小传为空	desc 为空	补写小传，或确认无传可考
全唐诗/authors.tang.json#1884	裴大章		作者小传为空	desc 为空	补写小传，或确认无传可考
全唐诗/authors.tang.json#1885	崔宗		作者小传为空	desc 为空	补写小传，或确认无传可考
全唐诗/authors.tang.json#1886	鄭馥		作者小传为空	desc 为空	补写小传，或确认无传可考
全唐诗/authors.tang.json#1887	吳叔達		作者小传为空	desc 为空	补写小传，或确认无传可考
全唐诗/authors.tang.json#1888	孟翺		作者小传为空	desc 为空	补写小传，或确认无传可考
全唐诗/authors.tang.json#1889	鄭昉		作者小传为空	desc 为空	补写小传，或确认无传可考
全唐诗/authors.tang.json#1890	袁求賢		作者小传为空	desc 为空	补写小传，或确认无传可考
全唐诗/authors.tang.json#1891	孟匡明		作者小传为空	desc 为空	补写小传，或确认无传可考
全唐诗/authors.tang.json#1892	李子昂		作者小传为空	desc 为空	补写小传，或确认无传可考
全唐诗/authors.tang.json#1893	員南溟		作者小传为空	desc 为空	补写小传，或确认无传可考
全唐诗/authors.tang.json#1894	李胄		作者小传为空	desc 为空	补写小传，或确认无传可考
全唐诗/authors.tang.json#1895	鄭述誠		作者小传为空	desc 为空	补写小传，或确认无传可考
全唐诗/authors.tang.json#1896	宋迪		作者小传为空	desc 为空	补写小传，或确认无传可考
全唐诗/authors.tang.json#1897	万俟造		作者小传为空	desc 为空	补写小传，或确认无传可考
全唐诗/authors.tang.json#1898	錢衆仲		作者小传为空	desc 为空	补写小传，或确认无传可考
全唐诗/authors.tang.json#1899	呂敞		作者小传为空	desc 为空	补写小传，或确认无传可考
全唐诗/authors.tang.json#1900	鄭衮		作者小传为空	desc 为空	补写小传，或确认无传可考
全唐诗/authors.tang.json#1901	張公乂		作者小传为空	desc 为空	补写小传，或确认无传可考
全唐诗/authors.tang.json#1902	張何		作者小传为空	desc 为空	补写小传，或确认无传可考
全唐诗/authors.tang.json#1903	濮陽瓘		作者小传为空	desc 为空	补写小传，或确认无传可考
全唐诗/authors.tang.json#1904	王若嵒		作者小传为空	desc 为空	补写小传，或确认无传可考
全唐诗/authors.tang.json#1905	張隨		作者小传为空	desc 为空	补写小传，或确认无传可考
全唐诗/authors.tang.json#1906	徐仁嗣		作者小传为空	desc 为空	补写小传，或确认无传可考
全唐诗/authors.tang.json#1907	盧征		作者小传为空	desc 为空	补写小传，或确认无传可考
全唐诗/authors.tang.json#1908	顧偉		作者小传为空	desc 为空	补写小传，或确认无传可考
全唐诗/authors.tang.json#1909	沈鵬		作者小传为空	desc 为空	补写小传，或确认无传可考
全唐诗/authors.tang.json#1910	薛少殷		作者小传为空	desc 为空	补写小传，或确认无传可考
全唐诗/authors.tang.json#1911	張元正		作者小传为空	desc 为空	补写小传，或确认无传可考
全唐诗/authors.tang.json#1912	辛學士		作者小传为空	desc 为空	补写小传，或确认无传可考
全唐诗/authors.tang.json#1913	盧尚書		作者小传为空	desc 为空	补写小传，或确认无传可考
全唐诗/authors.tang.json#1914	鄭僕射		作者小传为空	desc 为空	补写小传，或确认无传可考
全唐诗/authors.tang.json#1915	鄭中丞		作者小传为空	desc 为空	补写小传，或确认无传可考
全唐诗/authors.tang.json#1916	韓常侍		作者小传为空	desc 为空	补写小传，或确认无传可考
全唐诗/authors.tang.json#1917	梁補闕		作者小传为空	desc 为空	补写小传，或确认无传可考
全唐诗/authors.tang.json#1918	蘇廣文		作者小传为空	desc 为空	补写小传，或确认无传可考
全唐诗/authors.tang.json#1919	任生		作者小传为空	desc 为空	补写小传，或确认无传可考
全唐诗/authors.tang.json#1920	吳公		作者小传为空	desc 为空	补写小传，或确认无传可考
全唐诗/authors.tang.json#1921	曹生		作者小传为空	desc 为空	补写小传，或确认无传可考
全唐诗/authors.tang.json#1922	繆氏子		作者小传为空	desc 为空	补写小传，或确认无传可考
全唐诗/authors.tang.json#1923	京兆韋氏子		作者小传为空	desc 为空	补写小传，或确认无传可考
全唐诗/authors.tang.json#1924	景龍文館學士		作者小传为空	desc 为空	补写小传，或确认无传可考
全唐诗/authors.tang.json#1925	神龍從臣		作者小传为空	desc 为空	补写小传，或确认无传可考
全唐诗/authors.tang.json#1926	天寶時人		作者小传为空	desc 为空	补写小传，或确认无传可考
全唐诗/authors.tang.json#1927	僖宗朝北省官		作者小传为空	desc 为空	补写小传，或确认无传可考
全唐诗/authors.tang.json#1928	洪州將軍		作者小传为空	desc 为空	补写小传，或确认无传可考
全唐诗/authors.tang.json#1929	貞元文士		作者小传为空	desc 为空	补写小传，或确认无传可考
全唐诗/authors.tang.json#1930	河北士人		作者小传为空	desc 为空	补写小传，或确认无传可考
全唐诗/authors.tang.json#1931	元和舉子		作者小传为空	desc 为空	补写小传，或确认无传可考
全唐诗/authors.tang.json#1932	懿宗朝舉子		作者小传为空	desc 为空	补写小传，或确认无传可考
全唐诗/authors.tang.json#1933	白衫舉子		作者小传为空	desc 为空	补写小传，或确认无传可考
全唐诗/authors.tang.json#1934	唐末朝士		作者小传为空	desc 为空	补写小传，或确认无传可考
全唐诗/authors.tang.json#1935	西鄙人		作者小传为空	desc 为空	补写小传，或确认无传可考
全唐诗/authors.tang.json#1936	太上隱君		作者小传为空	desc 为空	补写小传，或确认无传可考
全唐诗/authors.tang.json#1937	黃山隱		作者小传为空	desc 为空	补写小传，或确认无传可考
全唐诗/authors.tang.json#1938	婺州山中人		作者小传为空	desc 为空	补写小传，或确认无传可考
全唐诗/authors.tang.json#1939	同谷子		作者小传为空	desc 为空	补写小传，或确认无传可考
全唐诗/authors.tang.json#1940	崔公佐客		作者小传为空	desc 为空	补写小传，或确认无传可考
全唐诗/authors.tang.json#1941	洛中舉子		作者小传为空	desc 为空	补写小传，或确认无传可考
全唐诗/authors.tang.json#1942	江陵士子		作者小传为空	desc 为空	补写小传，或确认无传可考
全唐诗/authors.tang.json#1943	織錦人		作者小传为空	desc 为空	补写小传，或确认无传可考
全唐诗/authors.tang.json#1944	吏部選人		作者小传为空	desc 为空	补写小传，或确认无传可考
全唐诗/authors.tang.json#1945	建業卜者		作者小传为空	desc 为空	补写小传，或确认无传可考
全唐诗/authors.tang.json#1946	天嶠遊人		作者小传为空	desc 为空	补写小传，或确认无传可考
全唐诗/authors.tang.json#1947	驪山遊人		作者小传为空	desc 为空	补写小传，或确认无传可考
全唐诗/authors.tang.json#1948	衡州舟子		作者小传为空	desc 为空	补写小传，或确认无传可考
全唐诗/authors.tang.json#1949	華山老人		作者小传为空	desc 为空	补写小传，或确认无传可考
全唐诗/authors.tang.json#1950	終南山翁		作者小传为空	desc 为空	补写小传，或确认无传可考
全唐诗/authors.tang.json#1951	吳越失姓名人		作者小传为空	desc 为空	补写小传，或确认无传可考
全唐诗/authors.tang.json#1952	無名氏		作者小传为空	desc 为空	补写小传，或确认无传可考
全唐诗/authors.tang.json#1954	安守範		作者小传为空	desc 为空	补写小传，或确认无传可考
全唐诗/authors.tang.json#1955	清晝		作者小传为空	desc 为空	补写小传，或确认无传可考
全唐诗/authors.tang.json#1957	李日知		作者小传为空	desc 为空	补写小传，或确认无传可考
全唐诗/authors.tang.json#1958	趙仁奬		作者小传为空	desc 为空	补写小传，或确认无传可考
全唐诗/authors.tang.json#1959	郭廷謂		作者小传为空	desc 为空	补写小传，或确认无传可考
全唐诗/authors.tang.json#1960	韋青		作者小传为空	desc 为空	补写小传，或确认无传可考
全唐诗/authors.tang.json#1961	尉遲匡		作者小传为空	desc 为空	补写小传，或确认无传可考
全唐诗/authors.tang.json#1962	何涓		作者小传为空	desc 为空	补写小传，或确认无传可考
全唐诗/authors.tang.json#1964	申堂構		作者小传为空	desc 为空	补写小传，或确认无传可考
全唐诗/authors.tang.json#1965	周愿		作者小传为空	desc 为空	补写小传，或确认无传可考
全唐诗/authors.tang.json#1967	顏允南		作者小传为空	desc 为空	补写小传，或确认无传可考
全唐诗/authors.tang.json#1968	季廣琛		作者小传为空	desc 为空	补写小传，或确认无传可考
全唐诗/authors.tang.json#1969	陳蛻		作者小传为空	desc 为空	补写小传，或确认无传可考
全唐诗/authors.tang.json#1970	衛準		作者小传为空	desc 为空	补写小传，或确认无传可考
全唐诗/authors.tang.json#1972	李摯		作者小传为空	desc 为空	补写小传，或确认无传可考
全唐诗/authors.tang.json#1974	馮戡		作者小传为空	desc 为空	补写小传，或确认无传可考
全唐诗/authors.tang.json#1976	盧幷		作者小传为空	desc 为空	补写小传，或确认无传可考
全唐诗/authors.tang.json#1978	劉敬之		作者小传为空	desc 为空	补写小传，或确认无传可考
全唐诗/authors.tang.json#1980	韋澳		作者小传为空	desc 为空	补写小传，或确认无传可考
全唐诗/authors.tang.json#1981	王龜		作者小传为空	desc 为空	补写小传，或确认无传可考
全唐诗/authors.tang.json#1982	李郁		作者小传为空	desc 为空	补写小传，或确认无传可考
全唐诗/authors.tang.json#1983	詹雄		作者小传为空	desc 为空	补写小传，或确认无传可考
全唐诗/authors.tang.json#1984	任濤		作者小传为空	desc 为空	补写小传，或确认无传可考
全唐诗/authors.tang.json#1985	劇燕		作者小传为空	desc 为空	补写小传，或确认无传可考
全唐诗/authors.tang.json#1986	王璘		作者小传为空	desc 为空	补写小传，或确认无传可考
全唐诗/authors.tang.json#1987	李蔚		作者小传为空	desc 为空	补写小传，或确认无传可考
全唐诗/authors.tang.json#1988	王枳		作者小传为空	desc 为空	补写小传，或确认无传可考
全唐诗/authors.tang.json#1989	鄭賨		作者小传为空	desc 为空	补写小传，或确认无传可考
全唐诗/authors.tang.json#1990	張塋		作者小传为空	desc 为空	补写小传，或确认无传可考
全唐诗/authors.tang.json#1991	吳靄		作者小传为空	desc 为空	补写小传，或确认无传可考
全唐诗/authors.tang.json#1992	陳詠		作者小传为空	desc 为空	补写小传，或确认无传可考
全唐诗/authors.tang.json#1993	蔣密		作者小传为空	desc 为空	补写小传，或确认无传可考
全唐诗/authors.tang.json#1995	李景遂		作者小传为空	desc 为空	补写小传，或确认无传可考
全唐诗/authors.tang.json#1996	李弘茂		作者小传为空	desc 为空	补写小传，或确认无传可考
全唐诗/authors.tang.json#1997	李平		作者小传为空	desc 为空	补写小传，或确认无传可考
全唐诗/authors.tang.json#1998	胡元龜		作者小传为空	desc 为空	补写小传，或确认无传可考
全唐诗/authors.tang.json#1999	蔣鈞		作者小传为空	desc 为空	补写小传，或确认无传可考
全唐诗/authors.tang.json#2000	史虛白		作者小传为空	desc 为空	补写小传，或确认无传可考
全唐诗/authors.tang.json#2001	夏寶松		作者小传为空	desc 为空	补写小传，或确认无传可考
全唐诗/authors.tang.json#2002	趙慶		作者小传为空	desc 为空	补写小传，或确认无传可考
全唐诗/authors.tang.json#2003	潘天錫		作者小传为空	desc 为空	补写小传，或确认无传可考
全唐诗/authors.tang.json#2004	朱勰		作者小传为空	desc 为空	补写小传，或确认无传可考
全唐诗/authors.tang.json#2005	齊鎬		作者小传为空	desc 为空	补写小传，或确认无传可考
全唐诗/authors.tang.json#2006	黃可		作者小传为空	desc 为空	补写小传，或确认无传可考
全唐诗/authors.tang.json#2007	高元矩		作者小传为空	desc 为空	补写小传，或确认无传可考
全唐诗/authors.tang.json#2008	趙休		作者小传为空	desc 为空	补写小传，或确认无传可考
全唐诗/authors.tang.json#2009	庸仁傑		作者小传为空	desc 为空	补写小传，或确认无传可考
全唐诗/authors.tang.json#2010	邵拙		作者小传为空	desc 为空	补写小传，或确认无传可考
全唐诗/authors.tang.json#2011	毛炳		作者小传为空	desc 为空	补写小传，或确认无传可考
全唐诗/authors.tang.json#2013	陳甫		作者小传为空	desc 为空	补写小传，或确认无传可考
全唐诗/authors.tang.json#2014	徐融		作者小传为空	desc 为空	补写小传，或确认无传可考
全唐诗/authors.tang.json#2015	高若拙		作者小传为空	desc 为空	补写小传，或确认无传可考
全唐诗/authors.tang.json#2016	皮光業		作者小传为空	desc 为空	补写小传，或确认无传可考
全唐诗/authors.tang.json#2017	屠瓌智		作者小传为空	desc 为空	补写小传，或确认无传可考
全唐诗/authors.tang.json#2018	元德昭		作者小传为空	desc 为空	补写小传，或确认无传可考
全唐诗/authors.tang.json#2019	林無隱		作者小传为空	desc 为空	补写小传，或确认无传可考
全唐诗/authors.tang.json#2021	王廷珪		作者小传为空	desc 为空	补写小传，或确认无传可考
全唐诗/authors.tang.json#2022	歐陽彬		作者小传为空	desc 为空	补写小传，或确认无传可考
全唐诗/authors.tang.json#2023	李堯夫		作者小传为空	desc 为空	补写小传，或确认无传可考
全唐诗/authors.tang.json#2024	石文德		作者小传为空	desc 为空	补写小传，或确认无传可考
全唐诗/authors.tang.json#2025	戴偃		作者小传为空	desc 为空	补写小传，或确认无传可考
全唐诗/authors.tang.json#2026	張迥		作者小传为空	desc 为空	补写小传，或确认无传可考
全唐诗/authors.tang.json#2027	鍾元章		作者小传为空	desc 为空	补写小传，或确认无传可考
全唐诗/authors.tang.json#2028	楊鳧		作者小传为空	desc 为空	补写小传，或确认无传可考
全唐诗/authors.tang.json#2029	王俊		作者小传为空	desc 为空	补写小传，或确认无传可考
全唐诗/authors.tang.json#2030	薛沆		作者小传为空	desc 为空	补写小传，或确认无传可考
全唐诗/authors.tang.json#2031	張顗		作者小传为空	desc 为空	补写小传，或确认无传可考
全唐诗/authors.tang.json#2032	張林		作者小传为空	desc 为空	补写小传，或确认无传可考
全唐诗/authors.tang.json#2033	盧休		作者小传为空	desc 为空	补写小传，或确认无传可考
全唐诗/authors.tang.json#2034	陳嶠		作者小传为空	desc 为空	补写小传，或确认无传可考
全唐诗/authors.tang.json#2035	李範		作者小传为空	desc 为空	补写小传，或确认无传可考
全唐诗/authors.tang.json#2037	林楚才		作者小传为空	desc 为空	补写小传，或确认无传可考
全唐诗/authors.tang.json#2038	孟不疑		作者小传为空	desc 为空	补写小传，或确认无传可考
全唐诗/authors.tang.json#2039	龐季子		作者小传为空	desc 为空	补写小传，或确认无传可考
全唐诗/authors.tang.json#2040	郭思		作者小传为空	desc 为空	补写小传，或确认无传可考
全唐诗/authors.tang.json#2041	盧載		作者小传为空	desc 为空	补写小传，或确认无传可考
全唐诗/authors.tang.json#2042	鄭翱		作者小传为空	desc 为空	补写小传，或确认无传可考
全唐诗/authors.tang.json#2043	鄭說		作者小传为空	desc 为空	补写小传，或确认无传可考
全唐诗/authors.tang.json#2044	史瑜		作者小传为空	desc 为空	补写小传，或确认无传可考
全唐诗/authors.tang.json#2045	賀公		作者小传为空	desc 为空	补写小传，或确认无传可考
全唐诗/authors.tang.json#2046	米都知		作者小传为空	desc 为空	补写小传，或确认无传可考
全唐诗/authors.tang.json#2047	陳秀才		作者小传为空	desc 为空	补写小传，或确认无传可考
全唐诗/authors.tang.json#2048	崔李二生		作者小传为空	desc 为空	补写小传，或确认无传可考
全唐诗/authors.tang.json#2049	范氏子		作者小传为空	desc 为空	补写小传，或确认无传可考
全唐诗/authors.tang.json#2050	臨川小吏		作者小传为空	desc 为空	补写小传，或确认无传可考
全唐诗/authors.tang.json#2051	韓熙載客		作者小传为空	desc 为空	补写小传，或确认无传可考
全唐诗/authors.tang.json#2053	武后宮人		作者小传为空	desc 为空	补写小传，或确认无传可考
全唐诗/authors.tang.json#2054	開元宮人		作者小传为空	desc 为空	补写小传，或确认无传可考
全唐诗/authors.tang.json#2055	天寶宮人		作者小传为空	desc 为空	补写小传，或确认无传可考
全唐诗/authors.tang.json#2058	僖宗宮人		作者小传为空	desc 为空	补写小传，或确认无传可考
全唐诗/authors.tang.json#2062	寶曆宮人		作者小传为空	desc 为空	补写小传，或确认无传可考
全唐诗/authors.tang.json#2107	梁瓊		作者小传为空	desc 为空	补写小传，或确认无传可考
全唐诗/authors.tang.json#2108	劉雲		作者小传为空	desc 为空	补写小传，或确认无传可考
全唐诗/authors.tang.json#2110	崔仲容		作者小传为空	desc 为空	补写小传，或确认无传可考
全唐诗/authors.tang.json#2111	崔公遠		作者小传为空	desc 为空	补写小传，或确认无传可考
全唐诗/authors.tang.json#2112	張琰		作者小传为空	desc 为空	补写小传，或确认无传可考
全唐诗/authors.tang.json#2113	裴羽仙		作者小传为空	desc 为空	补写小传，或确认无传可考
全唐诗/authors.tang.json#2114	劉媛		作者小传为空	desc 为空	补写小传，或确认无传可考
全唐诗/authors.tang.json#2115	葛鵶兒		作者小传为空	desc 为空	补写小传，或确认无传可考
全唐诗/authors.tang.json#2116	劉瑤		作者小传为空	desc 为空	补写小传，或确认无传可考
全唐诗/authors.tang.json#2117	廉氏		作者小传为空	desc 为空	补写小传，或确认无传可考
全唐诗/authors.tang.json#2118	劉淑柔		作者小传为空	desc 为空	补写小传，或确认无传可考
全唐诗/authors.tang.json#2119	薛瓊		作者小传为空	desc 为空	补写小传，或确认无传可考
全唐诗/authors.tang.json#2120	趙虛舟		作者小传为空	desc 为空	补写小传，或确认无传可考
全唐诗/authors.tang.json#2121	張瑛		作者小传为空	desc 为空	补写小传，或确认无传可考
全唐诗/authors.tang.json#2122	長孫佐轉妻		作者小传为空	desc 为空	补写小传，或确认无传可考
全唐诗/authors.tang.json#2123	劉元載妻		作者小传为空	desc 为空	补写小传，或确认无传可考
全唐诗/authors.tang.json#2124	劉氏婦		作者小传为空	desc 为空	补写小传，或确认无传可考
全唐诗/authors.tang.json#2125	葛氏女		作者小传为空	desc 为空	补写小传，或确认无传可考
全唐诗/authors.tang.json#2126	李主簿姬		作者小传为空	desc 为空	补写小传，或确认无传可考
全唐诗/authors.tang.json#2128	湘驛女子		作者小传为空	desc 为空	补写小传，或确认无传可考
全唐诗/authors.tang.json#2129	若耶溪女子		作者小传为空	desc 为空	补写小传，或确认无传可考
全唐诗/authors.tang.json#2130	誰氏女		作者小传为空	desc 为空	补写小传，或确认无传可考
全唐诗/authors.tang.json#2131	"光	威	裒"		作者小传为空	desc 为空	补写小传，或确认无传可考
全唐诗/authors.tang.json#2133	曹文姬		作者小传为空	desc 为空	补写小传，或确认无传可考
全唐诗/authors.tang.json#2137	武昌妓		作者小传为空	desc 为空	补写小传，或确认无传可考
全唐诗/authors.tang.json#2147	平康妓		作者小传为空	desc 为空	补写小传，或确认无传可考
全唐诗/authors.tang.json#2237	曇翼		作者小传为空	desc 为空	补写小传，或确认无传可考
全唐诗/authors.tang.json#2238	隱求		作者小传为空	desc 为空	补写小传，或确认无传可考
全唐诗/authors.tang.json#2239	智遠		作者小传为空	desc 为空	补写小传，或确认无传可考
全唐诗/authors.tang.json#2240	無悶		作者小传为空	desc 为空	补写小传，或确认无传可考
全唐诗/authors.tang.json#2241	尚志		作者小传为空	desc 为空	补写小传，或确认无传可考
全唐诗/authors.tang.json#2242	玄寶		作者小传为空	desc 为空	补写小传，或确认无传可考
全唐诗/authors.tang.json#2243	懷浦		作者小传为空	desc 为空	补写小传，或确认无传可考
全唐诗/authors.tang.json#2244	亞棲		作者小传为空	desc 为空	补写小传，或确认无传可考
全唐诗/authors.tang.json#2245	惟審		作者小传为空	desc 为空	补写小传，或确认无传可考
全唐诗/authors.tang.json#2246	慕幽		作者小传为空	desc 为空	补写小传，或确认无传可考
全唐诗/authors.tang.json#2247	釋彪		作者小传为空	desc 为空	补写小传，或确认无传可考
全唐诗/authors.tang.json#2248	法輪		作者小传为空	desc 为空	补写小传，或确认无传可考
全唐诗/authors.tang.json#2249	尚能		作者小传为空	desc 为空	补写小传，或确认无传可考
全唐诗/authors.tang.json#2250	常雅		作者小传为空	desc 为空	补写小传，或确认无传可考
全唐诗/authors.tang.json#2251	滄浩		作者小传为空	desc 为空	补写小传，或确认无传可考
全唐诗/authors.tang.json#2252	若水		作者小传为空	desc 为空	补写小传，或确认无传可考
全唐诗/authors.tang.json#2253	文鑒		作者小传为空	desc 为空	补写小传，或确认无传可考
全唐诗/authors.tang.json#2254	慈恩寺沙門		作者小传为空	desc 为空	补写小传，或确认无传可考
全唐诗/authors.tang.json#2255	水心寺僧		作者小传为空	desc 为空	补写小传，或确认无传可考
全唐诗/authors.tang.json#2256	無名釋		作者小传为空	desc 为空	补写小传，或确认无传可考
全唐诗/authors.tang.json#2257	南唐失名僧		作者小传为空	desc 为空	补写小传，或确认无传可考
全唐诗/authors.tang.json#2258	吳越僧		作者小传为空	desc 为空	补写小传，或确认无传可考
全唐诗/authors.tang.json#2259	唐末僧		作者小传为空	desc 为空	补写小传，或确认无传可考
全唐诗/authors.tang.json#2261	可隆		作者小传为空	desc 为空	补写小传，或确认无传可考
全唐诗/authors.tang.json#2262	爾鳥		作者小传为空	desc 为空	补写小传，或确认无传可考
全唐诗/authors.tang.json#2263	元礎		作者小传为空	desc 为空	补写小传，或确认无传可考
全唐诗/authors.tang.json#2264	悟清		作者小传为空	desc 为空	补写小传，或确认无传可考
全唐诗/authors.tang.json#2265	契盈		作者小传为空	desc 为空	补写小传，或确认无传可考
全唐诗/authors.tang.json#2266	淡然		作者小传为空	desc 为空	补写小传，或确认无传可考
全唐诗/authors.tang.json#2267	庭實		作者小传为空	desc 为空	补写小传，或确认无传可考
全唐诗/authors.tang.json#2268	知業		作者小传为空	desc 为空	补写小传，或确认无传可考
全唐诗/authors.tang.json#2269	雲容		作者小传为空	desc 为空	补写小传，或确认无传可考
全唐诗/authors.tang.json#2271	志定		作者小传为空	desc 为空	补写小传，或确认无传可考
全唐诗/authors.tang.json#2272	靈準		作者小传为空	desc 为空	补写小传，或确认无传可考
全唐诗/authors.tang.json#2273	荆州僧		作者小传为空	desc 为空	补写小传，或确认无传可考
全唐诗/authors.tang.json#2322	清遠道士		作者小传为空	desc 为空	补写小传，或确认无传可考
全唐诗/authors.tang.json#2323	春臺仙		作者小传为空	desc 为空	补写小传，或确认无传可考
全唐诗/authors.tang.json#2324	酒肆布衣		作者小传为空	desc 为空	补写小传，或确认无传可考
全唐诗/authors.tang.json#2325	嵩嶽諸仙		作者小传为空	desc 为空	补写小传，或确认无传可考
全唐诗/authors.tang.json#2326	芙蓉古丈夫　毛女		作者小传为空	desc 为空	补写小传，或确认无传可考
全唐诗/authors.tang.json#2327	希道		作者小传为空	desc 为空	补写小传，或确认无传可考
全唐诗/authors.tang.json#2328	隱者		作者小传为空	desc 为空	补写小传，或确认无传可考
全唐诗/authors.tang.json#2329	廣陵道士		作者小传为空	desc 为空	补写小传，或确认无传可考
全唐诗/authors.tang.json#2330	黃冠野夫		作者小传为空	desc 为空	补写小传，或确认无传可考
全唐诗/authors.tang.json#2331	蜀中酒閣道人		作者小传为空	desc 为空	补写小传，或确认无传可考
全唐诗/authors.tang.json#2332	章江書生		作者小传为空	desc 为空	补写小传，或确认无传可考
全唐诗/authors.tang.json#2333	萼嶺書生		作者小传为空	desc 为空	补写小传，或确认无传可考
全唐诗/authors.tang.json#2334	成都醉道士		作者小传为空	desc 为空	补写小传，或确认无传可考
全唐诗/authors.tang.json#2335	樵夫		作者小传为空	desc 为空	补写小传，或确认无传可考
全唐诗/authors.tang.json#2336	李公佐僕		作者小传为空	desc 为空	补写小传，或确认无传可考
全唐诗/authors.tang.json#2337	木客		作者小传为空	desc 为空	补写小传，或确认无传可考
全唐诗/authors.tang.json#2338	許大		作者小传为空	desc 为空	补写小传，或确认无传可考
全唐诗/authors.tang.json#2339	許學士		作者小传为空	desc 为空	补写小传，或确认无传可考
全唐诗/authors.tang.json#2340	紫微孫處士		作者小传为空	desc 为空	补写小传，或确认无传可考
全唐诗/authors.tang.json#2341	青城丈人		作者小传为空	desc 为空	补写小传，或确认无传可考
全唐诗/authors.tang.json#2342	太乙真君		作者小传为空	desc 为空	补写小传，或确认无传可考
全唐诗/authors.tang.json#2343	方壺居士		作者小传为空	desc 为空	补写小传，或确认无传可考
全唐诗/authors.tang.json#2344	太白山玄士		作者小传为空	desc 为空	补写小传，或确认无传可考
全唐诗/authors.tang.json#2345	鄰道場人		作者小传为空	desc 为空	补写小传，或确认无传可考
全唐诗/authors.tang.json#2346	劉道昌		作者小传为空	desc 为空	补写小传，或确认无传可考
全唐诗/authors.tang.json#2347	李太玄		作者小传为空	desc 为空	补写小传，或确认无传可考
全唐诗/authors.tang.json#2348	曲龍山仙		作者小传为空	desc 为空	补写小传，或确认无传可考
全唐诗/authors.tang.json#2350	鄭冠卿		作者小传为空	desc 为空	补写小传，或确认无传可考
全唐诗/authors.tang.json#2357	洛川仙女		作者小传为空	desc 为空	补写小传，或确认无传可考
全唐诗/authors.tang.json#2358	南溟夫人		作者小传为空	desc 为空	补写小传，或确认无传可考
全唐诗/authors.tang.json#2359	雲臺峰五女仙		作者小传为空	desc 为空	补写小传，或确认无传可考
全唐诗/authors.tang.json#2360	吳清妻		作者小传为空	desc 为空	补写小传，或确认无传可考
全唐诗/authors.tang.json#2361	上元夫人		作者小传为空	desc 为空	补写小传，或确认无传可考
全唐诗/authors.tang.json#2362	慈恩塔院女仙		作者小传为空	desc 为空	补写小传，或确认无传可考
全唐诗/authors.tang.json#2363	蜀宮羣仙		作者小传为空	desc 为空	补写小传，或确认无传可考
全唐诗/authors.tang.json#2364	織女		作者小传为空	desc 为空	补写小传，或确认无传可考
全唐诗/authors.tang.json#2365	嵩山女		作者小传为空	desc 为空	补写小传，或确认无传可考
全唐诗/authors.tang.json#2366	青童		作者小传为空	desc 为空	补写小传，或确认无传可考
全唐诗/authors.tang.json#2367	觀梅女仙		作者小传为空	desc 为空	补写小传，或确认无传可考
全唐诗/authors.tang.json#2368	吳彩鸞		作者小传为空	desc 为空	补写小传，或确认无传可考
全唐诗/authors.tang.json#2369	王氏女		作者小传为空	desc 为空	补写小传，或确认无传可考
全唐诗/authors.tang.json#2370	毛女正美		作者小传为空	desc 为空	补写小传，或确认无传可考
全唐诗/authors.tang.json#2371	桃花夫人		作者小传为空	desc 为空	补写小传，或确认无传可考
全唐诗/authors.tang.json#2372	王仙仙		作者小传为空	desc 为空	补写小传，或确认无传可考
全唐诗/authors.tang.json#2373	楊損		作者小传为空	desc 为空	补写小传，或确认无传可考
全唐诗/authors.tang.json#2374	妙女		作者小传为空	desc 为空	补写小传，或确认无传可考
全唐诗/authors.tang.json#2375	洞庭龍君		作者小传为空	desc 为空	补写小传，或确认无传可考
全唐诗/authors.tang.json#2376	龍護老人		作者小传为空	desc 为空	补写小传，或确认无传可考
全唐诗/authors.tang.json#2377	冥吏		作者小传为空	desc 为空	补写小传，或确认无传可考
全唐诗/authors.tang.json#2378	滕傳胤		作者小传为空	desc 为空	补写小传，或确认无传可考
全唐诗/authors.tang.json#2379	水府君		作者小传为空	desc 为空	补写小传，或确认无传可考
全唐诗/authors.tang.json#2380	李序		作者小传为空	desc 为空	补写小传，或确认无传可考
全唐诗/authors.tang.json#2381	水神		作者小传为空	desc 为空	补写小传，或确认无传可考
全唐诗/authors.tang.json#2382	輔國將軍		作者小传为空	desc 为空	补写小传，或确认无传可考
全唐诗/authors.tang.json#2383	太白山神		作者小传为空	desc 为空	补写小传，或确认无传可考
全唐诗/authors.tang.json#2384	瀵水神		作者小传为空	desc 为空	补写小传，或确认无传可考
全唐诗/authors.tang.json#2385	湘中蛟女		作者小传为空	desc 为空	补写小传，或确认无传可考
全唐诗/authors.tang.json#2386	龍女		作者小传为空	desc 为空	补写小传，或确认无传可考
全唐诗/authors.tang.json#2387	廣利王女		作者小传为空	desc 为空	补写小传，或确认无传可考
全唐诗/authors.tang.json#2388	湘妃廟		作者小传为空	desc 为空	补写小传，或确认无传可考
全唐诗/authors.tang.json#2389	明月潭龍女		作者小传为空	desc 为空	补写小传，或确认无传可考
全唐诗/authors.tang.json#2390	黃陵美人		作者小传为空	desc 为空	补写小传，或确认无传可考
全唐诗/authors.tang.json#2391	吳興神女		作者小传为空	desc 为空	补写小传，或确认无传可考
全唐诗/authors.tang.json#2392	慕容垂		作者小传为空	desc 为空	补写小传，或确认无传可考
全唐诗/authors.tang.json#2393	釋明解		作者小传为空	desc 为空	补写小传，或确认无传可考
全唐诗/authors.tang.json#2394	巴峽鬼		作者小传为空	desc 为空	补写小传，或确认无传可考
全唐诗/authors.tang.json#2395	河[湄]鬼		作者小传为空	desc 为空	补写小传，或确认无传可考
全唐诗/authors.tang.json#2396	介胄鬼		作者小传为空	desc 为空	补写小传，或确认无传可考
全唐诗/authors.tang.json#2397	李叔霽		作者小传为空	desc 为空	补写小传，或确认无传可考
全唐诗/authors.tang.json#2398	竇裕		作者小传为空	desc 为空	补写小传，或确认无传可考
全唐诗/authors.tang.json#2399	書生		作者小传为空	desc 为空	补写小传，或确认无传可考
全唐诗/authors.tang.json#2400	虎丘山石壁鬼		作者小传为空	desc 为空	补写小传，或确认无传可考
全唐诗/authors.tang.json#2401	陸憑		作者小传为空	desc 为空	补写小传，或确认无传可考
全唐诗/authors.tang.json#2402	韓弇		作者小传为空	desc 为空	补写小传，或确认无传可考
全唐诗/authors.tang.json#2403	尉佗		作者小传为空	desc 为空	补写小传，或确认无传可考
全唐诗/authors.tang.json#2404	劉溉		作者小传为空	desc 为空	补写小传，或确认无传可考
全唐诗/authors.tang.json#2405	鄭瓊羅		作者小传为空	desc 为空	补写小传，或确认无传可考
全唐诗/authors.tang.json#2406	沈青箱		作者小传为空	desc 为空	补写小传，或确认无传可考
全唐诗/authors.tang.json#2407	襄陽旅殯舉人		作者小传为空	desc 为空	补写小传，或确认无传可考
全唐诗/authors.tang.json#2408	河中鬼		作者小传为空	desc 为空	补写小传，或确认无传可考
全唐诗/authors.tang.json#2409	蕭微		作者小传为空	desc 为空	补写小传，或确认无传可考
全唐诗/authors.tang.json#2410	張省躬		作者小传为空	desc 为空	补写小传，或确认无传可考
全唐诗/authors.tang.json#2411	商山三丈夫		作者小传为空	desc 为空	补写小传，或确认无传可考
全唐诗/authors.tang.json#2412	鄭適		作者小传为空	desc 为空	补写小传，或确认无传可考
全唐诗/authors.tang.json#2413	甘露寺鬼		作者小传为空	desc 为空	补写小传，或确认无传可考
全唐诗/authors.tang.json#2414	石恪		作者小传为空	desc 为空	补写小传，或确认无传可考
全唐诗/authors.tang.json#2415	富春沙際鬼		作者小传为空	desc 为空	补写小传，或确认无传可考
全唐诗/authors.tang.json#2416	趙𤰳		作者小传为空	desc 为空	补写小传，或确认无传可考
全唐诗/authors.tang.json#2417	九華山白衣		作者小传为空	desc 为空	补写小传，或确认无传可考
全唐诗/authors.tang.json#2418	田達誠借宅鬼		作者小传为空	desc 为空	补写小传，或确认无传可考
全唐诗/authors.tang.json#2419	長安中鬼		作者小传为空	desc 为空	补写小传，或确认无传可考
全唐诗/authors.tang.json#2420	隔窗鬼		作者小传为空	desc 为空	补写小传，或确认无传可考
全唐诗/authors.tang.json#2421	巴陵館鬼		作者小传为空	desc 为空	补写小传，或确认无传可考
全唐诗/authors.tang.json#2422	徐侃		作者小传为空	desc 为空	补写小传，或确认无传可考
全唐诗/authors.tang.json#2423	商山客死書生		作者小传为空	desc 为空	补写小传，或确认无传可考
全唐诗/authors.tang.json#2424	冢中人		作者小传为空	desc 为空	补写小传，或确认无传可考
全唐诗/authors.tang.json#2425	崇聖寺鬼		作者小传为空	desc 为空	补写小传，或确认无传可考
全唐诗/authors.tang.json#2426	任彥思家鬼		作者小传为空	desc 为空	补写小传，或确认无传可考
全唐诗/authors.tang.json#2427	峽中白衣		作者小传为空	desc 为空	补写小传，或确认无传可考
全唐诗/authors.tang.json#2428	張仁寶		作者小传为空	desc 为空	补写小传，或确认无传可考
全唐诗/authors.tang.json#2429	崔常侍		作者小传为空	desc 为空	补写小传，或确认无传可考
全唐诗/authors.tang.json#2430	李煜		作者小传为空	desc 为空	补写小传，或确认无传可考
全唐诗/authors.tang.json#2431	龐德公		作者小传为空	desc 为空	补写小传，或确认无传可考
全唐诗/authors.tang.json#2432	朱均		作者小传为空	desc 为空	补写小传，或确认无传可考
全唐诗/authors.tang.json#2433	夷陵女郎		作者小传为空	desc 为空	补写小传，或确认无传可考
全唐诗/authors.tang.json#2434	孔氏		作者小传为空	desc 为空	补写小传，或确认无传可考
全唐诗/authors.tang.json#2435	唐晅妻張氏		作者小传为空	desc 为空	补写小传，或确认无传可考
全唐诗/authors.tang.json#2436	韋璜		作者小传为空	desc 为空	补写小传，或确认无传可考
全唐诗/authors.tang.json#2437	臨淄縣主		作者小传为空	desc 为空	补写小传，或确认无传可考
全唐诗/authors.tang.json#2438	王氏婦		作者小传为空	desc 为空	补写小传，或确认无传可考
全唐诗/authors.tang.json#2439	王麗真		作者小传为空	desc 为空	补写小传，或确认无传可考
全唐诗/authors.tang.json#2440	客戶里女子		作者小传为空	desc 为空	补写小传，或确认无传可考
全唐诗/authors.tang.json#2441	密陀僧		作者小传为空	desc 为空	补写小传，或确认无传可考
全唐诗/authors.tang.json#2442	西施		作者小传为空	desc 为空	补写小传，或确认无传可考
全唐诗/authors.tang.json#2443	甄后		作者小传为空	desc 为空	补写小传，或确认无传可考
全唐诗/authors.tang.json#2444	沙磧女子		作者小传为空	desc 为空	补写小传，或确认无传可考
全唐诗/authors.tang.json#2445	陳宮妃嬪		作者小传为空	desc 为空	补写小传，或确认无传可考
全唐诗/authors.tang.json#2446	湘中女子		作者小传为空	desc 为空	补写小传，或确认无传可考
全唐诗/authors.tang.json#2447	孟蜀妃張太華		作者小传为空	desc 为空	补写小传，或确认无传可考
全唐诗/authors.tang.json#2448	安邑坊女		作者小传为空	desc 为空	补写小传，或确认无传可考
全唐诗/authors.tang.json#2449	韋檢亡姬		作者小传为空	desc 为空	补写小传，或确认无传可考
全唐诗/authors.tang.json#2450	蘇檢妻		作者小传为空	desc 为空	补写小传，或确认无传可考
全唐诗/authors.tang.json#2451	宮嬪		作者小传为空	desc 为空	补写小传，或确认无传可考
全唐诗/authors.tang.json#2452	金車美人		作者小传为空	desc 为空	补写小传，或确认无传可考
全唐诗/authors.tang.json#2453	魏朋妻		作者小传为空	desc 为空	补写小传，或确认无传可考
全唐诗/authors.tang.json#2454	劉氏亡婦		作者小传为空	desc 为空	补写小传，或确认无传可考
全唐诗/authors.tang.json#2455	故臺城妓		作者小传为空	desc 为空	补写小传，或确认无传可考
全唐诗/authors.tang.json#2456	無名女鬼		作者小传为空	desc 为空	补写小传，或确认无传可考
全唐诗/authors.tang.json#2457	無名鬼		作者小传为空	desc 为空	补写小传，或确认无传可考
全唐诗/authors.tang.json#2458	穠華		作者小传为空	desc 为空	补写小传，或确认无传可考
全唐诗/authors.tang.json#2459	張守中		作者小传为空	desc 为空	补写小传，或确认无传可考
全唐诗/authors.tang.json#2461	代宗		作者小传为空	desc 为空	补写小传，或确认无传可考
全唐诗/authors.tang.json#2462	邢鳳		作者小传为空	desc 为空	补写小传，或确认无传可考
全唐诗/authors.tang.json#2463	石季武		作者小传为空	desc 为空	补写小传，或确认无传可考
全唐诗/authors.tang.json#2464	盧獻卿		作者小传为空	desc 为空	补写小传，或确认无传可考
全唐诗/authors.tang.json#2465	劉景復		作者小传为空	desc 为空	补写小传，或确认无传可考
全唐诗/authors.tang.json#2466	郭仁表		作者小传为空	desc 为空	补写小传，或确认无传可考
全唐诗/authors.tang.json#2467	國邵南		作者小传为空	desc 为空	补写小传，或确认无传可考
全唐诗/authors.tang.json#2468	盧絳		作者小传为空	desc 为空	补写小传，或确认无传可考
全唐诗/authors.tang.json#2469	張生		作者小传为空	desc 为空	补写小传，或确认无传可考
全唐诗/authors.tang.json#2470	漳郡守		作者小传为空	desc 为空	补写小传，或确认无传可考
全唐诗/authors.tang.json#2471	獨孤遐叔妻白氏		作者小传为空	desc 为空	补写小传，或确认无传可考
全唐诗/authors.tang.json#2472	張生妻		作者小传为空	desc 为空	补写小传，或确认无传可考
全唐诗/authors.tang.json#2473	張氏女		作者小传为空	desc 为空	补写小传，或确认无传可考
全唐诗/authors.tang.json#2474	病狂人		作者小传为空	desc 为空	补写小传，或确认无传可考
全唐诗/authors.tang.json#2476	周延翰		作者小传为空	desc 为空	补写小传，或确认无传可考
全唐诗/authors.tang.json#2477	任玠		作者小传为空	desc 为空	补写小传，或确认无传可考
全唐诗/authors.tang.json#2478	胥偃		作者小传为空	desc 为空	补写小传，或确认无传可考
全唐诗/authors.tang.json#2479	曾崇範妻		作者小传为空	desc 为空	补写小传，或确认无传可考
全唐诗/authors.tang.json#2480	高祖		作者小传为空	desc 为空	补写小传，或确认无传可考
全唐诗/authors.tang.json#2482	裴略		作者小传为空	desc 为空	补写小传，或确认无传可考
全唐诗/authors.tang.json#2483	省吏		作者小传为空	desc 为空	补写小传，或确认无传可考
全唐诗/authors.tang.json#2484	選人		作者小传为空	desc 为空	补写小传，或确认无传可考
全唐诗/authors.tang.json#2485	裴玄智		作者小传为空	desc 为空	补写小传，或确认无传可考
全唐诗/authors.tang.json#2486	竇昉		作者小传为空	desc 为空	补写小传，或确认无传可考
全唐诗/authors.tang.json#2487	梁寶		作者小传为空	desc 为空	补写小传，或确认无传可考
全唐诗/authors.tang.json#2488	釋元康		作者小传为空	desc 为空	补写小传，或确认无传可考
全唐诗/authors.tang.json#2489	李榮		作者小传为空	desc 为空	补写小传，或确认无传可考
全唐诗/authors.tang.json#2490	張元一		作者小传为空	desc 为空	补写小传，或确认无传可考
全唐诗/authors.tang.json#2491	石抱忠		作者小传为空	desc 为空	补写小传，或确认无传可考
全唐诗/authors.tang.json#2492	梁載言		作者小传为空	desc 为空	补写小传，或确认无传可考
全唐诗/authors.tang.json#2493	劉行敏		作者小传为空	desc 为空	补写小传，或确认无传可考
全唐诗/authors.tang.json#2494	陸子		作者小传为空	desc 为空	补写小传，或确认无传可考
全唐诗/authors.tang.json#2495	楊廷玉		作者小传为空	desc 为空	补写小传，或确认无传可考
全唐诗/authors.tang.json#2496	中宗朝優人		作者小传为空	desc 为空	补写小传，或确认无传可考
全唐诗/authors.tang.json#2497	吳人		作者小传为空	desc 为空	补写小传，或确认无传可考
全唐诗/authors.tang.json#2498	封抱一		作者小传为空	desc 为空	补写小传，或确认无传可考
全唐诗/authors.tang.json#2499	麴崇裕		作者小传为空	desc 为空	补写小传，或确认无传可考
全唐诗/authors.tang.json#2500	權龍褒		作者小传为空	desc 为空	补写小传，或确认无传可考
全唐诗/authors.tang.json#2501	韋鏗		作者小传为空	desc 为空	补写小传，或确认无传可考
全唐诗/authors.tang.json#2502	邵景		作者小传为空	desc 为空	补写小传，或确认无传可考
全唐诗/authors.tang.json#2503	石惠泰		作者小传为空	desc 为空	补写小传，或确认无传可考
全唐诗/authors.tang.json#2504	黃幡綽		作者小传为空	desc 为空	补写小传，或确认无传可考
全唐诗/authors.tang.json#2505	張懷慶		作者小传为空	desc 为空	补写小传，或确认无传可考
全唐诗/authors.tang.json#2507	高亭		作者小传为空	desc 为空	补写小传，或确认无传可考
全唐诗/authors.tang.json#2508	賀遂涉		作者小传为空	desc 为空	补写小传，或确认无传可考
全唐诗/authors.tang.json#2509	孔顒		作者小传为空	desc 为空	补写小传，或确认无传可考
全唐诗/authors.tang.json#2510	嚴震		作者小传为空	desc 为空	补写小传，或确认无传可考
全唐诗/authors.tang.json#2511	朱澤		作者小传为空	desc 为空	补写小传，或确认无传可考
全唐诗/authors.tang.json#2512	鄭光業		作者小传为空	desc 为空	补写小传，或确认无传可考
全唐诗/authors.tang.json#2513	孫子多		作者小传为空	desc 为空	补写小传，或确认无传可考
全唐诗/authors.tang.json#2514	徐彥若		作者小传为空	desc 为空	补写小传，或确认无传可考
全唐诗/authors.tang.json#2515	崔立言		作者小传为空	desc 为空	补写小传，或确认无传可考
全唐诗/authors.tang.json#2516	姚嶸		作者小传为空	desc 为空	补写小传，或确认无传可考
全唐诗/authors.tang.json#2517	李日新		作者小传为空	desc 为空	补写小传，或确认无传可考
全唐诗/authors.tang.json#2518	柳逢		作者小传为空	desc 为空	补写小传，或确认无传可考
全唐诗/authors.tang.json#2519	黎瓘		作者小传为空	desc 为空	补写小传，或确认无传可考
全唐诗/authors.tang.json#2520	張保胤		作者小传为空	desc 为空	补写小传，或确认无传可考
全唐诗/authors.tang.json#2521	陸巖夢		作者小传为空	desc 为空	补写小传，或确认无传可考
全唐诗/authors.tang.json#2522	李都		作者小传为空	desc 为空	补写小传，或确认无传可考
全唐诗/authors.tang.json#2523	荆人		作者小传为空	desc 为空	补写小传，或确认无传可考
全唐诗/authors.tang.json#2524	馮道幕客		作者小传为空	desc 为空	补写小传，或确认无传可考
全唐诗/authors.tang.json#2525	李花開		作者小传为空	desc 为空	补写小传，或确认无传可考
全唐诗/authors.tang.json#2526	馮暉		作者小传为空	desc 为空	补写小传，或确认无传可考
全唐诗/authors.tang.json#2527	楊苧蘿		作者小传为空	desc 为空	补写小传，或确认无传可考
全唐诗/authors.tang.json#2528	李貞白		作者小传为空	desc 为空	补写小传，或确认无传可考
全唐诗/authors.tang.json#2529	郫城令		作者小传为空	desc 为空	补写小传，或确认无传可考
全唐诗/authors.tang.json#2530	李令		作者小传为空	desc 为空	补写小传，或确认无传可考
全唐诗/authors.tang.json#2531	太守		作者小传为空	desc 为空	补写小传，或确认无传可考
全唐诗/authors.tang.json#2532	劉炎		作者小传为空	desc 为空	补写小传，或确认无传可考
全唐诗/authors.tang.json#2533	甘洽		作者小传为空	desc 为空	补写小传，或确认无传可考
全唐诗/authors.tang.json#2534	閻敬愛		作者小传为空	desc 为空	补写小传，或确认无传可考
全唐诗/authors.tang.json#2535	李和風		作者小传为空	desc 为空	补写小传，或确认无传可考
全唐诗/authors.tang.json#2536	歸氏子		作者小传为空	desc 为空	补写小传，或确认无传可考
全唐诗/authors.tang.json#2537	張魯封		作者小传为空	desc 为空	补写小传，或确认无传可考
全唐诗/authors.tang.json#2538	李晝		作者小传为空	desc 为空	补写小传，或确认无传可考
全唐诗/authors.tang.json#2539	楊鸞		作者小传为空	desc 为空	补写小传，或确认无传可考
全唐诗/authors.tang.json#2540	座客		作者小传为空	desc 为空	补写小传，或确认无传可考
全唐诗/authors.tang.json#2541	周顓		作者小传为空	desc 为空	补写小传，或确认无传可考
全唐诗/authors.tang.json#2542	蘇芸		作者小传为空	desc 为空	补写小传，或确认无传可考
全唐诗/authors.tang.json#2543	包賀		作者小传为空	desc 为空	补写小传，或确认无传可考
全唐诗/authors.tang.json#2544	蔡押衙		作者小传为空	desc 为空	补写小传，或确认无传可考
全唐诗/authors.tang.json#2545	商則		作者小传为空	desc 为空	补写小传，或确认无传可考
全唐诗/authors.tang.json#2546	羅穎		作者小传为空	desc 为空	补写小传，或确认无传可考
全唐诗/authors.tang.json#2547	何承裕		作者小传为空	desc 为空	补写小传，或确认无传可考
全唐诗/authors.tang.json#2548	僧法軌		作者小传为空	desc 为空	补写小传，或确认无传可考
全唐诗/authors.tang.json#2549	李兼		作者小传为空	desc 为空	补写小传，或确认无传可考
全唐诗/authors.tang.json#2550	杜兼		作者小传为空	desc 为空	补写小传，或确认无传可考
全唐诗/authors.tang.json#2551	裴諝		作者小传为空	desc 为空	补写小传，或确认无传可考
全唐诗/authors.tang.json#2552	皇甫大夫		作者小传为空	desc 为空	补写小传，或确认无传可考
全唐诗/authors.tang.json#2553	蕭結		作者小传为空	desc 为空	补写小传，或确认无传可考
全唐诗/authors.tang.json#2554	王魯		作者小传为空	desc 为空	补写小传，或确认无传可考
全唐诗/authors.tang.json#2555	伶人		作者小传为空	desc 为空	补写小传，或确认无传可考
全唐诗/authors.tang.json#2556	張翱		作者小传为空	desc 为空	补写小传，或确认无传可考
全唐诗/authors.tang.json#2557	趙武建		作者小传为空	desc 为空	补写小传，或确认无传可考
全唐诗/authors.tang.json#2558	宋元素		作者小传为空	desc 为空	补写小传，或确认无传可考
全唐诗/authors.tang.json#2559	張幹		作者小传为空	desc 为空	补写小传，或确认无传可考
全唐诗/authors.tang.json#2562	劉綺莊		作者小传为空	desc 为空	补写小传，或确认无传可考
全唐诗/authors.tang.json#2563	劉乙		作者小传为空	desc 为空	补写小传，或确认无传可考
全唐诗/authors.tang.json#2564	盧言		作者小传为空	desc 为空	补写小传，或确认无传可考
全唐诗/authors.tang.json#2565	任要		作者小传为空	desc 为空	补写小传，或确认无传可考
全唐诗/authors.tang.json#2566	韋洪		作者小传为空	desc 为空	补写小传，或确认无传可考
全唐诗/authors.tang.json#2567	馬乂		作者小传为空	desc 为空	补写小传，或确认无传可考
全唐诗/authors.tang.json#2568	張紹		作者小传为空	desc 为空	补写小传，或确认无传可考
全唐诗/authors.tang.json#2569	鄭露		作者小传为空	desc 为空	补写小传，或确认无传可考
全唐诗/authors.tang.json#2570	林披		作者小传为空	desc 为空	补写小传，或确认无传可考
全唐诗/authors.tang.json#2571	公孫杲		作者小传为空	desc 为空	补写小传，或确认无传可考
全唐诗/authors.tang.json#2572	李敻		作者小传为空	desc 为空	补写小传，或确认无传可考
全唐诗/authors.tang.json#2573	暢甫		作者小传为空	desc 为空	补写小传，或确认无传可考
全唐诗/authors.tang.json#2575	吳黔		作者小传为空	desc 为空	补写小传，或确认无传可考
全唐诗/authors.tang.json#2576	錢信		作者小传为空	desc 为空	补写小传，或确认无传可考
全唐诗/authors.tang.json#2577	胡傳美		作者小传为空	desc 为空	补写小传，或确认无传可考
全唐诗/authors.tang.json#2578	許宏		作者小传为空	desc 为空	补写小传，或确认无传可考
全唐诗/authors.tang.json#2579	文丙		作者小传为空	desc 为空	补写小传，或确认无传可考
全唐诗/authors.tang.json#2581	李縝		作者小传为空	desc 为空	补写小传，或确认无传可考
全唐诗/authors.tang.json#2582	戴公懷		作者小传为空	desc 为空	补写小传，或确认无传可考
全唐诗/authors.tang.json#2583	孟翔		作者小传为空	desc 为空	补写小传，或确认无传可考
全唐诗/authors.tang.json#2584	崔耿		作者小传为空	desc 为空	补写小传，或确认无传可考
全唐诗/authors.tang.json#2587	扈載		作者小传为空	desc 为空	补写小传，或确认无传可考
全唐诗/authors.tang.json#2588	薛光謙		作者小传为空	desc 为空	补写小传，或确认无传可考
全唐诗/authors.tang.json#2589	尉遲汾		作者小传为空	desc 为空	补写小传，或确认无传可考
全唐诗/authors.tang.json#2590	馬令		作者小传为空	desc 为空	补写小传，或确认无传可考
全唐诗/authors.tang.json#2591	清豁		作者小传为空	desc 为空	补写小传，或确认无传可考
全唐诗/authors.tang.json#2592	後唐莊宗		作者小传为空	desc 为空	补写小传，或确认无传可考
全唐诗/authors.tang.json#2594	蜀主王衍		作者小传为空	desc 为空	补写小传，或确认无传可考
全唐诗/authors.tang.json#2596	裴談		作者小传为空	desc 为空	补写小传，或确认无传可考
全唐诗/authors.tang.json#2597	竇弘餘		作者小传为空	desc 为空	补写小传，或确认无传可考
全唐诗/authors.tang.json#2598	康駢		作者小传为空	desc 为空	补写小传，或确认无传可考
全唐诗/authors.tang.json#2599	崔懷寶		作者小传为空	desc 为空	补写小传，或确认无传可考
全唐诗/authors.tang.json#2600	鄭符		作者小传为空	desc 为空	补写小传，或确认无传可考
全唐诗/authors.tang.json#2601	鍾輻		作者小传为空	desc 为空	补写小传，或确认无传可考
全唐诗/authors.tang.json#2602	毛文錫		作者小传为空	desc 为空	补写小传，或确认无传可考
全唐诗/authors.tang.json#2603	薛昭藴		作者小传为空	desc 为空	补写小传，或确认无传可考
全唐诗/authors.tang.json#2604	鹿虔扆		作者小传为空	desc 为空	补写小传，或确认无传可考
全唐诗/authors.tang.json#2605	魏承班		作者小传为空	desc 为空	补写小传，或确认无传可考
全唐诗/authors.tang.json#2606	尹鶚		作者小传为空	desc 为空	补写小传，或确认无传可考
全唐诗/authors.tang.json#2607	毛熙震		作者小传为空	desc 为空	补写小传，或确认无传可考
全唐诗/authors.tang.json#2608	閻選		作者小传为空	desc 为空	补写小传，或确认无传可考
全唐诗/authors.tang.json#2609	徐昌圖		作者小传为空	desc 为空	补写小传，或确认无传可考
全唐诗/authors.tang.json#2610	庾傳素		作者小传为空	desc 为空	补写小传，或确认无传可考
全唐诗/authors.tang.json#2611	劉侍讀		作者小传为空	desc 为空	补写小传，或确认无传可考
全唐诗/authors.tang.json#2612	許岷		作者小传为空	desc 为空	补写小传，或确认无传可考
全唐诗/authors.tang.json#2613	林楚翹		作者小传为空	desc 为空	补写小传，或确认无传可考
全唐诗/authors.tang.json#2614	閩后陳氏		作者小传为空	desc 为空	补写小传，或确认无传可考
全唐诗/authors.tang.json#2615	王麗真女郎		作者小传为空	desc 为空	补写小传，或确认无传可考
全唐诗/authors.tang.json#2616	耿玉真		作者小传为空	desc 为空	补写小传，或确认无传可考
全唐诗/authors.tang.json#2620	胡伯崇		作者小传为空	desc 为空	补写小传，或确认无传可考
全唐诗/authors.tang.json#2621	高鶴林		作者小传为空	desc 为空	补写小传，或确认无传可考
全唐诗/authors.tang.json#2622	朱千乘		作者小传为空	desc 为空	补写小传，或确认无传可考
全唐诗/authors.tang.json#2623	清觀		作者小传为空	desc 为空	补写小传，或确认无传可考
全唐诗/authors.tang.json#2624	陳閏		作者小传为空	desc 为空	补写小传，或确认无传可考
全唐诗/authors.tang.json#2625	李堪		作者小传为空	desc 为空	补写小传，或确认无传可考
全唐诗/authors.tang.json#2628	金可紀		作者小传为空	desc 为空	补写小传，或确认无传可考
全唐诗/authors.tang.json#2629	莊翱		作者小传为空	desc 为空	补写小传，或确认无传可考
全唐诗/authors.tang.json#2630	陸翬		作者小传为空	desc 为空	补写小传，或确认无传可考
全唐诗/authors.tang.json#2631	何元		作者小传为空	desc 为空	补写小传，或确认无传可考
全唐诗/authors.tang.json#2632	斐公衍		作者小传为空	desc 为空	补写小传，或确认无传可考
全唐诗/authors.tang.json#2633	蘇替		作者小传为空	desc 为空	补写小传，或确认无传可考
全唐诗/authors.tang.json#2634	路半千		作者小传为空	desc 为空	补写小传，或确认无传可考
全唐诗/authors.tang.json#2635	賀蘭暹		作者小传为空	desc 为空	补写小传，或确认无传可考
全唐诗/authors.tang.json#2636	傅溫		作者小传为空	desc 为空	补写小传，或确认无传可考
全唐诗/authors.tang.json#2637	曹戵		作者小传为空	desc 为空	补写小传，或确认无传可考
全唐诗/authors.tang.json#2638	陳素風		作者小传为空	desc 为空	补写小传，或确认无传可考
全唐诗/authors.tang.json#2639	唐樞		作者小传为空	desc 为空	补写小传，或确认无传可考
全唐诗/authors.tang.json#2640	溫達		作者小传为空	desc 为空	补写小传，或确认无传可考
全唐诗/authors.tang.json#2641	盧條		作者小传为空	desc 为空	补写小传，或确认无传可考
全唐诗/authors.tang.json#2642	崔行檢		作者小传为空	desc 为空	补写小传，或确认无传可考
全唐诗/authors.tang.json#2643	陳上卿		作者小传为空	desc 为空	补写小传，或确认无传可考
全唐诗/authors.tang.json#2644	王幹		作者小传为空	desc 为空	补写小传，或确认无传可考
全唐诗/authors.tang.json#2645	樊寔		作者小传为空	desc 为空	补写小传，或确认无传可考
全唐诗/authors.tang.json#2646	張殷衡		作者小传为空	desc 为空	补写小传，或确认无传可考
全唐诗/authors.tang.json#2647	殷穆		作者小传为空	desc 为空	补写小传，或确认无传可考
全唐诗/authors.tang.json#2648	解叔祿		作者小传为空	desc 为空	补写小传，或确认无传可考
全唐诗/authors.tang.json#2649	石嚴		作者小传为空	desc 为空	补写小传，或确认无传可考
全唐诗/authors.tang.json#2650	張野人		作者小传为空	desc 为空	补写小传，或确认无传可考
全唐诗/authors.tang.json#2651	衛填		作者小传为空	desc 为空	补写小传，或确认无传可考
全唐诗/authors.tang.json#2652	虞搆		作者小传为空	desc 为空	补写小传，或确认无传可考
全唐诗/authors.tang.json#2653	崔幢		作者小传为空	desc 为空	补写小传，或确认无传可考
全唐诗/authors.tang.json#2654	李淮		作者小传为空	desc 为空	补写小传，或确认无传可考
全唐诗/authors.tang.json#2655	金雲卿		作者小传为空	desc 为空	补写小传，或确认无传可考
全唐诗/authors.tang.json#2656	楊郁伯		作者小传为空	desc 为空	补写小传，或确认无传可考
全唐诗/authors.tang.json#2657	李伯良		作者小传为空	desc 为空	补写小传，或确认无传可考
全唐诗/authors.tang.json#2658	林逢		作者小传为空	desc 为空	补写小传，或确认无传可考
全唐诗/authors.tang.json#2659	長孫鎰		作者小传为空	desc 为空	补写小传，或确认无传可考
全唐诗/authors.tang.json#2660	戴寥		作者小传为空	desc 为空	补写小传，或确认无传可考
全唐诗/authors.tang.json#2661	豆盧岑		作者小传为空	desc 为空	补写小传，或确认无传可考
全唐诗/authors.tang.json#2662	沈寧		作者小传为空	desc 为空	补写小传，或确认无传可考
全唐诗/authors.tang.json#2663	李許		作者小传为空	desc 为空	补写小传，或确认无传可考
全唐诗/authors.tang.json#2664	顧効古		作者小传为空	desc 为空	补写小传，或确认无传可考
全唐诗/authors.tang.json#2665	盧邕		作者小传为空	desc 为空	补写小传，或确认无传可考
全唐诗/authors.tang.json#2666	李潭		作者小传为空	desc 为空	补写小传，或确认无传可考
全唐诗/authors.tang.json#2667	鄭明		作者小传为空	desc 为空	补写小传，或确认无传可考
全唐诗/authors.tang.json#2668	王有初		作者小传为空	desc 为空	补写小传，或确认无传可考
全唐诗/authors.tang.json#2669	周存孺		作者小传为空	desc 为空	补写小传，或确认无传可考
全唐诗/authors.tang.json#2670	張牙		作者小传为空	desc 为空	补写小传，或确认无传可考
全唐诗/authors.tang.json#2671	鄭師冉		作者小传为空	desc 为空	补写小传，或确认无传可考
全唐诗/authors.tang.json#2672	章嶰		作者小传为空	desc 为空	补写小传，或确认无传可考
全唐诗/authors.tang.json#2673	崔建		作者小传为空	desc 为空	补写小传，或确认无传可考
全唐诗/authors.tang.json#2674	朴昂		作者小传为空	desc 为空	补写小传，或确认无传可考
全唐诗/authors.tang.json#2675	郢展		作者小传为空	desc 为空	补写小传，或确认无传可考
全唐诗/authors.tang.json#2676	韋振		作者小传为空	desc 为空	补写小传，或确认无传可考
全唐诗/authors.tang.json#2677	漢皓		作者小传为空	desc 为空	补写小传，或确认无传可考
全唐诗/authors.tang.json#2678	道彥		作者小传为空	desc 为空	补写小传，或确认无传可考
全唐诗/authors.tang.json#2679	冀金		作者小传为空	desc 为空	补写小传，或确认无传可考
全唐诗/authors.tang.json#2680	子泰		作者小传为空	desc 为空	补写小传，或确认无传可考
全唐诗/authors.tang.json#2681	紹伯		作者小传为空	desc 为空	补写小传，或确认无传可考
全唐诗/authors.tang.json#2682	郁回		作者小传为空	desc 为空	补写小传，或确认无传可考
全唐诗/authors.tang.json#2683	季方		作者小传为空	desc 为空	补写小传，或确认无传可考
全唐诗/authors.tang.json#2684	李侍御		作者小传为空	desc 为空	补写小传，或确认无传可考
全唐诗/authors.tang.json#2685	陸侍御		作者小传为空	desc 为空	补写小传，或确认无传可考
全唐诗/authors.tang.json#2686	盧秀才		作者小传为空	desc 为空	补写小传，或确认无传可考
全唐诗/authors.tang.json#2687	真元		作者小传为空	desc 为空	补写小传，或确认无传可考
全唐诗/authors.tang.json#2688	真幹		作者小传为空	desc 为空	补写小传，或确认无传可考
全唐诗/authors.tang.json#2689	久則		作者小传为空	desc 为空	补写小传，或确认无传可考
全唐诗/authors.tang.json#2690	去奢		作者小传为空	desc 为空	补写小传，或确认无传可考
全唐诗/authors.tang.json#2691	良人		作者小传为空	desc 为空	补写小传，或确认无传可考
全唐诗/authors.tang.json#2692	宋休		作者小传为空	desc 为空	补写小传，或确认无传可考
全唐诗/authors.tang.json#2693	清閑		作者小传为空	desc 为空	补写小传，或确认无传可考
全唐诗/authors.tang.json#2694	靈業		作者小传为空	desc 为空	补写小传，或确认无传可考
全唐诗/authors.tang.json#2695	大閑		作者小传为空	desc 为空	补写小传，或确认无传可考
全唐诗/authors.tang.json#2696	奉蚌		作者小传为空	desc 为空	补写小传，或确认无传可考
全唐诗/authors.tang.json#2697	張文成		作者小传为空	desc 为空	补写小传，或确认无传可考
全唐诗/authors.tang.json#2698	崔十孃		作者小传为空	desc 为空	补写小传，或确认无传可考
全唐诗/authors.tang.json#2699	崔五嫂		作者小传为空	desc 为空	补写小传，或确认无传可考
全唐诗/authors.tang.json#2700	香兒		作者小传为空	desc 为空	补写小传，或确认无传可考
全唐诗/authors.tang.json#2701	唐明皇		作者小传为空	desc 为空	补写小传，或确认无传可考
全唐诗/authors.tang.json#2706	劉希移		作者小传为空	desc 为空	补写小传，或确认无传可考
全唐诗/authors.tang.json#2712	王冷然		作者小传为空	desc 为空	补写小传，或确认无传可考
全唐诗/authors.tang.json#2716	梁去惑		作者小传为空	desc 为空	补写小传，或确认无传可考
全唐诗/authors.tang.json#2717	房旭		作者小传为空	desc 为空	补写小传，或确认无传可考
全唐诗/authors.tang.json#2718	樂仲卿		作者小传为空	desc 为空	补写小传，或确认无传可考
全唐诗/authors.tang.json#2719	嚴嶷		作者小传为空	desc 为空	补写小传，或确认无传可考
全唐诗/authors.tang.json#2720	鄭愿		作者小传为空	desc 为空	补写小传，或确认无传可考
全唐诗/authors.tang.json#2721	孟嬰		作者小传为空	desc 为空	补写小传，或确认无传可考
全唐诗/authors.tang.json#2722	□嘉惠		作者小传为空	desc 为空	补写小传，或确认无传可考
全唐诗/authors.tang.json#2723	鄭韞玉		作者小传为空	desc 为空	补写小传，或确认无传可考
全唐诗/authors.tang.json#2725	皇甫斌		作者小传为空	desc 为空	补写小传，或确认无传可考
全唐诗/authors.tang.json#2726	桓顒		作者小传为空	desc 为空	补写小传，或确认无传可考
全唐诗/authors.tang.json#2727	盧茂欽		作者小传为空	desc 为空	补写小传，或确认无传可考
全唐诗/authors.tang.json#2729	沙門日進		作者小传为空	desc 为空	补写小传，或确认无传可考
全唐诗/authors.tang.json#2731	王重民輯錄，劉脩業整理。		作者小传为空	desc 为空	补写小传，或确认无传可考
全唐诗/authors.tang.json#2732	李翔		作者小传为空	desc 为空	补写小传，或确认无传可考
全唐诗/authors.tang.json#2734	佚名		作者小传为空	desc 为空	补写小传，或确认无传可考
全唐诗/authors.tang.json#2735	敦煌人作品[一]		作者小传为空	desc 为空	补写小传，或确认无传可考
全唐诗/authors.tang.json#2736	王重民		作者小传为空	desc 为空	补写小传，或确认无传可考
全唐诗/authors.tang.json#2737	孫望輯錄		作者小传为空	desc 为空	补写小传，或确认无传可考
全唐诗/authors.tang.json#2765	徐源		作者小传为空	desc 为空	补写小传，或确认无传可考
全唐诗/authors.tang.json#2829	孫望		作者小传为空	desc 为空	补写小传，或确认无传可考
全唐诗/authors.tang.json#2830	童養年		作者小传为空	desc 为空	补写小传，或确认无传可考
全唐诗/authors.tang.json#2831	李淵		作者小传为空	desc 为空	补写小传，或确认无传可考
全唐诗/authors.tang.json#2832	李世民		作者小传为空	desc 为空	补写小传，或确认无传可考
全唐诗/authors.tang.json#2833	武曌		作者小传为空	desc 为空	补写小传，或确认无传可考
全唐诗/authors.tang.json#2835	岑義		作者小传为空	desc 为空	补写小传，或确认无传可考
全唐诗/authors.tang.json#2836	王寵		作者小传为空	desc 为空	补写小传，或确认无传可考
全唐诗/authors.tang.json#2838	缺名		作者小传为空	desc 为空	补写小传，或确认无传可考
全唐诗/authors.tang.json#2842	李隆基		作者小传为空	desc 为空	补写小传，或确认无传可考
全唐诗/authors.tang.json#2848	玄覽		作者小传为空	desc 为空	补写小传，或确认无传可考
全唐诗/authors.tang.json#2849	李适		作者小传为空	desc 为空	补写小传，或确认无传可考
全唐诗/authors.tang.json#2850	魏炎		作者小传为空	desc 为空	补写小传，或确认无传可考
全唐诗/authors.tang.json#2858	劉乂		作者小传为空	desc 为空	补写小传，或确认无传可考
全唐诗/authors.tang.json#2860	山東野客		作者小传为空	desc 为空	补写小传，或确认无传可考
全唐诗/authors.tang.json#2861	李德谷		作者小传为空	desc 为空	补写小传，或确认无传可考
全唐诗/authors.tang.json#2862	廣文諸生		作者小传为空	desc 为空	补写小传，或确认无传可考
全唐诗/authors.tang.json#2864	羅萬象		作者小传为空	desc 为空	补写小传，或确认无传可考
全唐诗/authors.tang.json#2867	韋曾		作者小传为空	desc 为空	补写小传，或确认无传可考
全唐诗/authors.tang.json#2868	韋膺		作者小传为空	desc 为空	补写小传，或确认无传可考
全唐诗/authors.tang.json#2869	張毅夫		作者小传为空	desc 为空	补写小传，或确认无传可考
全唐诗/authors.tang.json#2870	英才		作者小传为空	desc 为空	补写小传，或确认无传可考
全唐诗/authors.tang.json#2871	莊布		作者小传为空	desc 为空	补写小传，或确认无传可考
全唐诗/authors.tang.json#2872	李忱		作者小传为空	desc 为空	补写小传，或确认无传可考
全唐诗/authors.tang.json#2873	李壽朋		作者小传为空	desc 为空	补写小传，或确认无传可考
全唐诗/authors.tang.json#2874	韓續		作者小传为空	desc 为空	补写小传，或确认无传可考
全唐诗/authors.tang.json#2875	敬相		作者小传为空	desc 为空	补写小传，或确认无传可考
全唐诗/authors.tang.json#2876	李漼		作者小传为空	desc 为空	补写小传，或确认无传可考
全唐诗/authors.tang.json#2877	童漢卿		作者小传为空	desc 为空	补写小传，或确认无传可考
全唐诗/authors.tang.json#2879	路巖		作者小传为空	desc 为空	补写小传，或确认无传可考
全唐诗/authors.tang.json#2881	崔錡		作者小传为空	desc 为空	补写小传，或确认无传可考
全唐诗/authors.tang.json#2882	韓喜		作者小传为空	desc 为空	补写小传，或确认无传可考
全唐诗/authors.tang.json#2884	張彥修〖1〗		作者小传为空	desc 为空	补写小传，或确认无传可考
全唐诗/authors.tang.json#2885	小白		作者小传为空	desc 为空	补写小传，或确认无传可考
全唐诗/authors.tang.json#2886	清尚〖1〗		作者小传为空	desc 为空	补写小传，或确认无传可考
全唐诗/authors.tang.json#2887	楊煥		作者小传为空	desc 为空	补写小传，或确认无传可考
全唐诗/authors.tang.json#2890	唐朝美		作者小传为空	desc 为空	补写小传，或确认无传可考
全唐诗/authors.tang.json#2894	獨孤貞節		作者小传为空	desc 为空	补写小传，或确认无传可考
全唐诗/authors.tang.json#2896	張振祖		作者小传为空	desc 为空	补写小传，或确认无传可考
全唐诗/authors.tang.json#2899	福全		作者小传为空	desc 为空	补写小传，或确认无传可考
全唐诗/authors.tang.json#2902	楊溥		作者小传为空	desc 为空	补写小传，或确认无传可考
全唐诗/authors.tang.json#2904	李璟		作者小传为空	desc 为空	补写小传，或确认无传可考
全唐诗/authors.tang.json#2905	成文幹		作者小传为空	desc 为空	补写小传，或确认无传可考
全唐诗/authors.tang.json#2918	韋謙		作者小传为空	desc 为空	补写小传，或确认无传可考
全唐诗/authors.tang.json#2919	陳長官		作者小传为空	desc 为空	补写小传，或确认无传可考
全唐诗/authors.tang.json#2923	盧誥		作者小传为空	desc 为空	补写小传，或确认无传可考
全唐诗/authors.tang.json#2925	拓善		作者小传为空	desc 为空	补写小传，或确认无传可考
全唐诗/authors.tang.json#2927	范禹偁		作者小传为空	desc 为空	补写小传，或确认无传可考
全唐诗/authors.tang.json#2934	勾龍逢		作者小传为空	desc 为空	补写小传，或确认无传可考
全唐诗/authors.tang.json#2935	杜仁傑		作者小传为空	desc 为空	补写小传，或确认无传可考
全唐诗/authors.tang.json#2939	宋自然		作者小传为空	desc 为空	补写小传，或确认无传可考
全唐诗/authors.tang.json#2941	村寺僧		作者小传为空	desc 为空	补写小传，或确认无传可考
全唐诗/authors.tang.json#2942	王承旨		作者小传为空	desc 为空	补写小传，或确认无传可考
全唐诗/authors.tang.json#2945	馬希振		作者小传为空	desc 为空	补写小传，或确认无传可考
全唐诗/authors.tang.json#2955	栖巖		作者小传为空	desc 为空	补写小传，或确认无传可考
全唐诗/authors.tang.json#2956	賣藥道人		作者小传为空	desc 为空	补写小传，或确认无传可考
全唐诗/authors.tang.json#2958	史維翰		作者小传为空	desc 为空	补写小传，或确认无传可考
全唐诗/authors.tang.json#2959	吳資		作者小传为空	desc 为空	补写小传，或确认无传可考
全唐诗/authors.tang.json#2960	李渭		作者小传为空	desc 为空	补写小传，或确认无传可考
全唐诗/authors.tang.json#2961	李欽止		作者小传为空	desc 为空	补写小传，或确认无传可考
全唐诗/authors.tang.json#2962	施逵		作者小传为空	desc 为空	补写小传，或确认无传可考
全唐诗/authors.tang.json#2964	清遠居士		作者小传为空	desc 为空	补写小传，或确认无传可考
全唐诗/authors.tang.json#2965	楊禹珪		作者小传为空	desc 为空	补写小传，或确认无传可考
全唐诗/authors.tang.json#2966	楊興義		作者小传为空	desc 为空	补写小传，或确认无传可考
全唐诗/authors.tang.json#2967	厲翼		作者小传为空	desc 为空	补写小传，或确认无传可考
全唐诗/authors.tang.json#2968	鄭詳		作者小传为空	desc 为空	补写小传，或确认无传可考
全唐诗/authors.tang.json#2969	獨孤均		作者小传为空	desc 为空	补写小传，或确认无传可考
全唐诗/authors.tang.json#2970	聶通志		作者小传为空	desc 为空	补写小传，或确认无传可考
全唐诗/authors.tang.json#2971	魏證		作者小传为空	desc 为空	补写小传，或确认无传可考
全唐诗/authors.tang.json#2972	清範		作者小传为空	desc 为空	补写小传，或确认无传可考
全唐诗/authors.tang.json#2973	德圓		作者小传为空	desc 为空	补写小传，或确认无传可考
全唐诗/authors.tang.json#2974	覺隱		作者小传为空	desc 为空	补写小传，或确认无传可考
全唐诗/authors.tang.json#2977	嗜酒道人		作者小传为空	desc 为空	补写小传，或确认无传可考
全唐诗/authors.tang.json#2979	寧化九龍進士		作者小传为空	desc 为空	补写小传，或确认无传可考
全唐诗/authors.tang.json#2980	蜀宮人		作者小传为空	desc 为空	补写小传，或确认无传可考
全唐诗/authors.tang.json#2987	太宗皇帝李世民		作者小传为空	desc 为空	补写小传，或确认无传可考
全唐诗/authors.tang.json#2992	薛開府		作者小传为空	desc 为空	补写小传，或确认无传可考
全唐诗/authors.tang.json#3008	高宗皇帝李治		作者小传为空	desc 为空	补写小传，或确认无传可考
全唐诗/authors.tang.json#3019	權龍襄		作者小传为空	desc 为空	补写小传，或确认无传可考
全唐诗/authors.tang.json#3091	張司馬		作者小传为空	desc 为空	补写小传，或确认无传可考
全唐诗/authors.tang.json#3098	玄宗皇帝李隆基		作者小传为空	desc 为空	补写小传，或确认无传可考
全唐诗/authors.tang.json#3100	王嚴光		作者小传为空	desc 为空	补写小传，或确认无传可考
全唐诗/authors.tang.json#3102	蘇㝢		作者小传为空	desc 为空	补写小传，或确认无传可考
全唐诗/authors.tang.json#3107	太易		作者小传为空	desc 为空	补写小传，或确认无传可考
全唐诗/authors.tang.json#3112	鄭轅		作者小传为空	desc 为空	补写小传，或确认无传可考
全唐诗/authors.tang.json#3128	浙東衆詩人		作者小传为空	desc 为空	补写小传，或确认无传可考
全唐诗/authors.tang.json#3140	鮑君徽		作者小传为空	desc 为空	补写小传，或确认无传可考
全唐诗/authors.tang.json#3141	德宗皇帝李适		作者小传为空	desc 为空	补写小传，或确认无传可考
全唐诗/authors.tang.json#3145	陳詡		作者小传为空	desc 为空	补写小传，或确认无传可考
全唐诗/authors.tang.json#3161	蘇州刺史		作者小传为空	desc 为空	补写小传，或确认无传可考
全唐诗/authors.tang.json#3204	歐陽袞		作者小传为空	desc 为空	补写小传，或确认无传可考
全唐诗/authors.tang.json#3223	空海		作者小传为空	desc 为空	补写小传，或确认无传可考
全唐诗/authors.tang.json#3229	李翺		作者小传为空	desc 为空	补写小传，或确认无传可考
全唐诗/authors.tang.json#3231	開成朝士		作者小传为空	desc 为空	补写小传，或确认无传可考
全唐诗/authors.tang.json#3236	開成時儒		作者小传为空	desc 为空	补写小传，或确认无传可考
全唐诗/authors.tang.json#3247	淮南幕吏		作者小传为空	desc 为空	补写小传，或确认无传可考
全唐诗/authors.tang.json#3265	李節		作者小传为空	desc 为空	补写小传，或确认无传可考
全唐诗/authors.tang.json#3273	某大德		作者小传为空	desc 为空	补写小传，或确认无传可考
全唐诗/authors.tang.json#3284	京師小子弟		作者小传为空	desc 为空	补写小传，或确认无传可考
全唐诗/authors.tang.json#3295	潘煒		作者小传为空	desc 为空	补写小传，或确认无传可考
全唐诗/authors.tang.json#3299	章碣		作者小传为空	desc 为空	补写小传，或确认无传可考
全唐诗/authors.tang.json#3356	狄常侍		作者小传为空	desc 为空	补写小传，或确认无传可考
全唐诗/authors.tang.json#3363	羅袞		作者小传为空	desc 为空	补写小传，或确认无传可考
全唐诗/authors.tang.json#3370	李存勗		作者小传为空	desc 为空	补写小传，或确认无传可考
全唐诗/authors.tang.json#3375	後唐廚官		作者小传为空	desc 为空	补写小传，或确认无传可考
全唐诗/authors.tang.json#3392	同州判官		作者小传为空	desc 为空	补写小传，或确认无传可考
全唐诗/authors.tang.json#3393	五代外鎮官		作者小传为空	desc 为空	补写小传，或确认无传可考
全唐诗/authors.tang.json#3418	李昪		作者小传为空	desc 为空	补写小传，或确认无传可考
全唐诗/authors.tang.json#3440	開寶中江南叟		作者小传为空	desc 为空	补写小传，或确认无传可考
全唐诗/authors.tang.json#3443	包穎		作者小传为空	desc 为空	补写小传，或确认无传可考
全唐诗/authors.tang.json#3445	唐鎬		作者小传为空	desc 为空	补写小传，或确认无传可考
全唐诗/authors.tang.json#3449	朱貞白		作者小传为空	desc 为空	补写小传，或确认无传可考
全唐诗/authors.tang.json#3455	李從謙		作者小传为空	desc 为空	补写小传，或确认无传可考
全唐诗/authors.tang.json#3486	錢俶		作者小传为空	desc 为空	补写小传，或确认无传可考
全唐诗/authors.tang.json#3526	廖處士		作者小传为空	desc 为空	补写小传，或确认无传可考
全唐诗/authors.tang.json#3536	林楚材		作者小传为空	desc 为空	补写小传，或确认无传可考
全唐诗/authors.tang.json#3543	孫光憲同寮		作者小传为空	desc 为空	补写小传，或确认无传可考
全唐诗/authors.tang.json#3548	王衍		作者小传为空	desc 为空	补写小传，或确认无传可考
全唐诗/authors.tang.json#3549	花蘂夫人		作者小传为空	desc 为空	补写小传，或确认无传可考
全唐诗/authors.tang.json#3554	孟昶		作者小传为空	desc 为空	补写小传，或确认无传可考
全唐诗/authors.tang.json#3562	王漸		作者小传为空	desc 为空	补写小传，或确认无传可考
全唐诗/authors.tang.json#3563	王國華		作者小传为空	desc 为空	补写小传，或确认无传可考
全唐诗/authors.tang.json#3564	元昉		作者小传为空	desc 为空	补写小传，或确认无传可考
全唐诗/authors.tang.json#3565	元□□		作者小传为空	desc 为空	补写小传，或确认无传可考
全唐诗/authors.tang.json#3566	毛熙聖		作者小传为空	desc 为空	补写小传，或确认无传可考
全唐诗/authors.tang.json#3567	史君寶		作者小传为空	desc 为空	补写小传，或确认无传可考
全唐诗/authors.tang.json#3568	司馬□		作者小传为空	desc 为空	补写小传，或确认无传可考
全唐诗/authors.tang.json#3569	江津		作者小传为空	desc 为空	补写小传，或确认无传可考
全唐诗/authors.tang.json#3570	存初公		作者小传为空	desc 为空	补写小传，或确认无传可考
全唐诗/authors.tang.json#3572	李斌		作者小传为空	desc 为空	补写小传，或确认无传可考
全唐诗/authors.tang.json#3573	李驛		作者小传为空	desc 为空	补写小传，或确认无传可考
全唐诗/authors.tang.json#3574	李昌遇		作者小传为空	desc 为空	补写小传，或确认无传可考
全唐诗/authors.tang.json#3575	李思聰		作者小传为空	desc 为空	补写小传，或确认无传可考
全唐诗/authors.tang.json#3576	李善美		作者小传为空	desc 为空	补写小传，或确认无传可考
全唐诗/authors.tang.json#3577	李嘉運		作者小传为空	desc 为空	补写小传，或确认无传可考
全唐诗/authors.tang.json#3579	李端公		作者小传为空	desc 为空	补写小传，或确认无传可考
全唐诗/authors.tang.json#3581	林鐸		作者小传为空	desc 为空	补写小传，或确认无传可考
全唐诗/authors.tang.json#3582	林先輩		作者小传为空	desc 为空	补写小传，或确认无传可考
全唐诗/authors.tang.json#3583	孟安序		作者小传为空	desc 为空	补写小传，或确认无传可考
全唐诗/authors.tang.json#3584	武涉		作者小传为空	desc 为空	补写小传，或确认无传可考
全唐诗/authors.tang.json#3587	季仲砥		作者小传为空	desc 为空	补写小传，或确认无传可考
全唐诗/authors.tang.json#3588	尚隆之　吳永素		作者小传为空	desc 为空	补写小传，或确认无传可考
全唐诗/authors.tang.json#3589	范崇		作者小传为空	desc 为空	补写小传，或确认无传可考
全唐诗/authors.tang.json#3590	范洒心		作者小传为空	desc 为空	补写小传，或确认无传可考
全唐诗/authors.tang.json#3592	高瀛		作者小传为空	desc 为空	补写小传，或确认无传可考
全唐诗/authors.tang.json#3593	孫誧		作者小传为空	desc 为空	补写小传，或确认无传可考
全唐诗/authors.tang.json#3595	康道		作者小传为空	desc 为空	补写小传，或确认无传可考
全唐诗/authors.tang.json#3596	晁祖道		作者小传为空	desc 为空	补写小传，或确认无传可考
全唐诗/authors.tang.json#3597	徐矩		作者小传为空	desc 为空	补写小传，或确认无传可考
全唐诗/authors.tang.json#3598	徐魁		作者小传为空	desc 为空	补写小传，或确认无传可考
全唐诗/authors.tang.json#3600	許古		作者小传为空	desc 为空	补写小传，或确认无传可考
全唐诗/authors.tang.json#3601	許晏		作者小传为空	desc 为空	补写小传，或确认无传可考
全唐诗/authors.tang.json#3602	淑徳郡主		作者小传为空	desc 为空	补写小传，或确认无传可考
全唐诗/authors.tang.json#3604	張承福		作者小传为空	desc 为空	补写小传，或确认无传可考
全唐诗/authors.tang.json#3605	張彥勝		作者小传为空	desc 为空	补写小传，或确认无传可考
全唐诗/authors.tang.json#3606	陳充		作者小传为空	desc 为空	补写小传，或确认无传可考
全唐诗/authors.tang.json#3607	陳端		作者小传为空	desc 为空	补写小传，或确认无传可考
全唐诗/authors.tang.json#3608	陳嘉		作者小传为空	desc 为空	补写小传，或确认无传可考
全唐诗/authors.tang.json#3611	陶令君		作者小传为空	desc 为空	补写小传，或确认无传可考
全唐诗/authors.tang.json#3612	崔元明		作者小传为空	desc 为空	补写小传，或确认无传可考
全唐诗/authors.tang.json#3613	曾扈		作者小传为空	desc 为空	补写小传，或确认无传可考
全唐诗/authors.tang.json#3616	賀蘭遂		作者小传为空	desc 为空	补写小传，或确认无传可考
全唐诗/authors.tang.json#3618	楊鄴		作者小传为空	desc 为空	补写小传，或确认无传可考
全唐诗/authors.tang.json#3619	楊少陽		作者小传为空	desc 为空	补写小传，或确认无传可考
全唐诗/authors.tang.json#3620	齊顗		作者小传为空	desc 为空	补写小传，或确认无传可考
全唐诗/authors.tang.json#3621	鄧廷聞		作者小传为空	desc 为空	补写小传，或确认无传可考
全唐诗/authors.tang.json#3623	裴極		作者小传为空	desc 为空	补写小传，或确认无传可考
全唐诗/authors.tang.json#3624	裴相公		作者小传为空	desc 为空	补写小传，或确认无传可考
全唐诗/authors.tang.json#3625	劉珃		作者小传为空	desc 为空	补写小传，或确认无传可考
全唐诗/authors.tang.json#3626	歐陽皓		作者小传为空	desc 为空	补写小传，或确认无传可考
全唐诗/authors.tang.json#3627	鄭在德		作者小传为空	desc 为空	补写小传，或确认无传可考
全唐诗/authors.tang.json#3629	蕭沼		作者小传为空	desc 为空	补写小传，或确认无传可考
全唐诗/authors.tang.json#3630	蕭鐸		作者小传为空	desc 为空	补写小传，或确认无传可考
全唐诗/authors.tang.json#3631	蕭闢		作者小传为空	desc 为空	补写小传，或确认无传可考
全唐诗/authors.tang.json#3632	錢叔獻		作者小传为空	desc 为空	补写小传，或确认无传可考
全唐诗/authors.tang.json#3633	蘇癿		作者小传为空	desc 为空	补写小传，或确认无传可考
全唐诗/authors.tang.json#3635	白雲仙人		作者小传为空	desc 为空	补写小传，或确认无传可考
全唐诗/authors.tang.json#3637	岑真人		作者小传为空	desc 为空	补写小传，或确认无传可考
全唐诗/authors.tang.json#3640	曹真人		作者小传为空	desc 为空	补写小传，或确认无传可考
全唐诗/authors.tang.json#3642	彭真君		作者小传为空	desc 为空	补写小传，或确认无传可考
全唐诗/authors.tang.json#3644	賀蘭求		作者小传为空	desc 为空	补写小传，或确认无传可考
全唐诗/authors.tang.json#3646	楊行真人		作者小传为空	desc 为空	补写小传，或确认无传可考
全唐诗/authors.tang.json#3647	楊真人		作者小传为空	desc 为空	补写小传，或确认无传可考
全唐诗/authors.tang.json#3648	董大仙		作者小传为空	desc 为空	补写小传，或确认无传可考
全唐诗/authors.tang.json#3650	竇真君		作者小传为空	desc 为空	补写小传，或确认无传可考
全唐诗/authors.tang.json#3651	逸人不顧		作者小传为空	desc 为空	补写小传，或确认无传可考
全唐诗/authors.tang.json#3652	芒鞵道人		作者小传为空	desc 为空	补写小传，或确认无传可考
全唐诗/authors.tang.json#3653	大宗		作者小传为空	desc 为空	补写小传，或确认无传可考
全唐诗/authors.tang.json#3654	若訥		作者小传为空	desc 为空	补写小传，或确认无传可考
全唐诗/authors.tang.json#3655	法珍		作者小传为空	desc 为空	补写小传，或确认无传可考
全唐诗/authors.tang.json#3656	南粤		作者小传为空	desc 为空	补写小传，或确认无传可考
全唐诗/authors.tang.json#3657	惠敏		作者小传为空	desc 为空	补写小传，或确认无传可考
全唐诗/authors.tang.json#3658	惠顗		作者小传为空	desc 为空	补写小传，或确认无传可考
全唐诗/authors.tang.json#3659	僧可		作者小传为空	desc 为空	补写小传，或确认无传可考
全唐诗/authors.tang.json#3660	德最		作者小传为空	desc 为空	补写小传，或确认无传可考
全唐诗/authors.tang.json#3661	慧集法師		作者小传为空	desc 为空	补写小传，或确认无传可考
全唐诗/authors.tang.json#3662	趙志		作者小传为空	desc 为空	补写小传，或确认无传可考
全唐诗/authors.tang.json#3663	項宗		作者小传为空	desc 为空	补写小传，或确认无传可考
全唐诗/authors.tang.json#3667	朱彥時		作者小传为空	desc 为空	补写小传，或确认无传可考
全唐诗/authors.tang.json#3669	陰真君		作者小传为空	desc 为空	补写小传，或确认无传可考
全唐诗/authors.tang.json#3670	葛玄		作者小传为空	desc 为空	补写小传，或确认无传可考
全唐诗/authors.tang.json#3671	劉思真		作者小传为空	desc 为空	补写小传，或确认无传可考
全唐诗/authors.tang.json#3673	徐幹		作者小传为空	desc 为空	补写小传，或确认无传可考
全唐诗/authors.tang.json#3674	王融		作者小传为空	desc 为空	补写小传，或确认无传可考
全唐诗/authors.song.json#548	蔣堂		作者小传为空	desc 为空	补写小传，或确认无传可考
全唐诗/authors.song.json#1525	劉摰		作者小传为空	desc 为空	补写小传，或确认无传可考
全唐诗/authors.song.json#3261	陈渊		作者小传为空	desc 为空	补写小传，或确认无传可考
全唐诗/authors.song.json#3432	墨梅		作者小传为空	desc 为空	补写小传，或确认无传可考
全唐诗/authors.song.json#6984	宋蒲壽宬		作者小传为空	desc 为空	补写小传，或确认无传可考
全唐诗/authors.song.json#7032	吴龍翰		作者小传为空	desc 为空	补写小传，或确认无传可考
全唐诗/poet.*.json	趙蕃		唐宋同名作者	唐 2 首 / 宋 3735 首	确认是同一人（五代入宋等）还是同名异人；两部分作者表各自的小传应与之对应
全唐诗/poet.*.json	劉禹錫		唐宋同名作者	唐 886 首 / 宋 2 首	确认是同一人（五代入宋等）还是同名异人；两部分作者表各自的小传应与之对应
全唐诗/poet.*.json	無名氏		唐宋同名作者	唐 684 首 / 宋 191 首	确认是同一人（五代入宋等）还是同名异人；两部分作者表各自的小传应与之对应
全唐诗/poet.*.json	王炎		唐宋同名作者	唐 2 首 / 宋 823 首	确认是同一人（五代入宋等）还是同名异人；两部分作者表各自的小传应与之对应
全唐诗/poet.*.json	徐鉉		唐宋同名作者	唐 309 首 / 宋 431 首	确认是同一人（五代入宋等）还是同名异人；两部分作者表各自的小传应与之对应
全唐诗/poet.*.json	王建		唐宋同名作者	唐 580 首 / 宋 1 首	确认是同一人（五代入宋等）还是同名异人；两部分作者表各自的小传应与之对应
全唐诗/poet.*.json	胡宿		唐宋同名作者	唐 19 首 / 宋 427 首	确认是同一人（五代入宋等）还是同名异人；两部分作者表各自的小传应与之对应
全唐诗/poet.*.json	王質		唐宋同名作者	唐 1 首 / 宋 435 首	确认是同一人（五代入宋等）还是同名异人；两部分作者表各自的小传应与之对应
全唐诗/poet.*.json	王珪		唐宋同名作者	唐 2 首 / 宋 431 首	确认是同一人（五代入宋等）还是同名异人；两部分作者表各自的小传应与之对应
全唐诗/poet.*.json	張說		唐宋同名作者	唐 419 首 / 宋 1 首	确认是同一人（五代入宋等）还是同名异人；两部分作者表各自的小传应与之对应
全唐诗/poet.*.json	李中		唐宋同名作者	唐 310 首 / 宋 1 首	确认是同一人（五代入宋等）还是同名异人；两部分作者表各自的小传应与之对应
全唐诗/poet.*.json	佚名		唐宋同名作者	唐 260 首 / 宋 1 首	确认是同一人（五代入宋等）还是同名异人；两部分作者表各自的小传应与之对应
全唐诗/poet.*.json	陳巖		唐宋同名作者	唐 1 首 / 宋 212 首	确认是同一人（五代入宋等）还是同名异人；两部分作者表各自的小传应与之对应
全唐诗/poet.*.json	朱長文		唐宋同名作者	唐 7 首 / 宋 167 首	确认是同一人（五代入宋等）还是同名异人；两部分作者表各自的小传应与之对应
全唐诗/poet.*.json	劉兼		唐宋同名作者	唐 81 首 / 宋 81 首	确认是同一人（五代入宋等）还是同名异人；两部分作者表各自的小传应与之对应
全唐诗/poet.*.json	趙湘		唐宋同名作者	唐 1 首 / 宋 155 首	确认是同一人（五代入宋等）还是同名异人；两部分作者表各自的小传应与之对应
全唐诗/poet.*.json	李頎		唐宋同名作者	唐 133 首 / 宋 1 首	确认是同一人（五代入宋等）还是同名异人；两部分作者表各自的小传应与之对应
全唐诗/poet.*.json	王周		唐宋同名作者	唐 60 首 / 宋 61 首	确认是同一人（五代入宋等）还是同名异人；两部分作者表各自的小传应与之对应
全唐诗/poet.*.json	李山甫		唐宋同名作者	唐 98 首 / 宋 10 首	确认是同一人（五代入宋等）还是同名异人；两部分作者表各自的小传应与之对应
全唐诗/poet.*.json	孫光憲		唐宋同名作者	唐 97 首 / 宋 11 首	确认是同一人（五代入宋等）还是同名异人；两部分作者表各自的小传应与之对应
全唐诗/poet.*.json	李質		唐宋同名作者	唐 1 首 / 宋 100 首	确认是同一人（五代入宋等）还是同名异人；两部分作者表各自的小传应与之对应
全唐诗/poet.*.json	李昉		唐宋同名作者	唐 5 首 / 宋 95 首	确认是同一人（五代入宋等）还是同名异人；两部分作者表各自的小传应与之对应
全唐诗/poet.*.json	歐陽詹		唐宋同名作者	唐 83 首 / 宋 4 首	确认是同一人（五代入宋等）还是同名异人；两部分作者表各自的小传应与之对应
全唐诗/poet.*.json	譚用之		唐宋同名作者	唐 41 首 / 宋 44 首	确认是同一人（五代入宋等）还是同名异人；两部分作者表各自的小传应与之对应
全唐诗/poet.*.json	陳羽		唐宋同名作者	唐 68 首 / 宋 9 首	确认是同一人（五代入宋等）还是同名异人；两部分作者表各自的小传应与之对应
全唐诗/poet.*.json	李珣		唐宋同名作者	唐 61 首 / 宋 2 首	确认是同一人（五代入宋等）还是同名异人；两部分作者表各自的小传应与之对应
全唐诗/poet.*.json	孟貫		唐宋同名作者	唐 31 首 / 宋 31 首	确认是同一人（五代入宋等）还是同名异人；两部分作者表各自的小传应与之对应
全唐诗/poet.*.json	李九齡		唐宋同名作者	唐 25 首 / 宋 26 首	确认是同一人（五代入宋等）还是同名异人；两部分作者表各自的小传应与之对应
全唐诗/poet.*.json	李濤		唐宋同名作者	唐 8 首 / 宋 36 首	确认是同一人（五代入宋等）还是同名异人；两部分作者表各自的小传应与之对应
全唐诗/poet.*.json	郭震		唐宋同名作者	唐 24 首 / 宋 20 首	确认是同一人（五代入宋等）还是同名异人；两部分作者表各自的小传应与之对应
全唐诗/poet.*.json	李遠		唐宋同名作者	唐 37 首 / 宋 7 首	确认是同一人（五代入宋等）还是同名异人；两部分作者表各自的小传应与之对应
全唐诗/poet.*.json	伍喬		唐宋同名作者	唐 22 首 / 宋 22 首	确认是同一人（五代入宋等）还是同名异人；两部分作者表各自的小传应与之对应
全唐诗/poet.*.json	李兼		唐宋同名作者	唐 1 首 / 宋 41 首	确认是同一人（五代入宋等）还是同名异人；两部分作者表各自的小传应与之对应
全唐诗/poet.*.json	孟賓于		唐宋同名作者	唐 15 首 / 宋 26 首	确认是同一人（五代入宋等）还是同名异人；两部分作者表各自的小传应与之对应
全唐诗/poet.*.json	李華		唐宋同名作者	唐 34 首 / 宋 3 首	确认是同一人（五代入宋等）还是同名异人；两部分作者表各自的小传应与之对应
全唐诗/poet.*.json	朱存		唐宋同名作者	唐 18 首 / 宋 16 首	确认是同一人（五代入宋等）还是同名异人；两部分作者表各自的小传应与之对应
全唐诗/poet.*.json	陳摶		唐宋同名作者	唐 15 首 / 宋 18 首	确认是同一人（五代入宋等）还是同名异人；两部分作者表各自的小传应与之对应
全唐诗/poet.*.json	李縝		唐宋同名作者	唐 1 首 / 宋 32 首	确认是同一人（五代入宋等）还是同名异人；两部分作者表各自的小传应与之对应
全唐诗/poet.*.json	李翔		唐宋同名作者	唐 29 首 / 宋 3 首	确认是同一人（五代入宋等）还是同名异人；两部分作者表各自的小传应与之对应
全唐诗/poet.*.json	王初		唐宋同名作者	唐 19 首 / 宋 12 首	确认是同一人（五代入宋等）还是同名异人；两部分作者表各自的小传应与之对应
全唐诗/poet.*.json	楊徽之		唐宋同名作者	唐 7 首 / 宋 22 首	确认是同一人（五代入宋等）还是同名异人；两部分作者表各自的小传应与之对应
全唐诗/poet.*.json	蔡京		唐宋同名作者	唐 3 首 / 宋 24 首	确认是同一人（五代入宋等）还是同名异人；两部分作者表各自的小传应与之对应
全唐诗/poet.*.json	許堅		唐宋同名作者	唐 15 首 / 宋 10 首	确认是同一人（五代入宋等）还是同名异人；两部分作者表各自的小传应与之对应
全唐诗/poet.*.json	李堪		唐宋同名作者	唐 1 首 / 宋 23 首	确认是同一人（五代入宋等）还是同名异人；两部分作者表各自的小传应与之对应
全唐诗/poet.*.json	張碧		唐宋同名作者	唐 20 首 / 宋 2 首	确认是同一人（五代入宋等）还是同名异人；两部分作者表各自的小传应与之对应
全唐诗/poet.*.json	翁宏		唐宋同名作者	唐 10 首 / 宋 11 首	确认是同一人（五代入宋等）还是同名异人；两部分作者表各自的小传应与之对应
全唐诗/poet.*.json	廖融		唐宋同名作者	唐 9 首 / 宋 12 首	确认是同一人（五代入宋等）还是同名异人；两部分作者表各自的小传应与之对应
全唐诗/poet.*.json	王翰		唐宋同名作者	唐 19 首 / 宋 1 首	确认是同一人（五代入宋等）还是同名异人；两部分作者表各自的小传应与之对应
全唐诗/poet.*.json	王嵒		唐宋同名作者	唐 6 首 / 宋 14 首	确认是同一人（五代入宋等）还是同名异人；两部分作者表各自的小传应与之对应
全唐诗/poet.*.json	張賁		唐宋同名作者	唐 18 首 / 宋 1 首	确认是同一人（五代入宋等）还是同名异人；两部分作者表各自的小传应与之对应
全唐诗/poet.*.json	王操		唐宋同名作者	唐 3 首 / 宋 15 首	确认是同一人（五代入宋等）还是同名异人；两部分作者表各自的小传应与之对应
全唐诗/poet.*.json	幸夤遜		唐宋同名作者	唐 7 首 / 宋 11 首	确认是同一人（五代入宋等）还是同名异人；两部分作者表各自的小传应与之对应
全唐诗/poet.*.json	白元鑒		唐宋同名作者	唐 14 首 / 宋 2 首	确认是同一人（五代入宋等）还是同名异人；两部分作者表各自的小传应与之对应
全唐诗/poet.*.json	王渙		唐宋同名作者	唐 14 首 / 宋 2 首	确认是同一人（五代入宋等）还是同名异人；两部分作者表各自的小传应与之对应
全唐诗/poet.*.json	吳璋		唐宋同名作者	唐 1 首 / 宋 15 首	确认是同一人（五代入宋等）还是同名异人；两部分作者表各自的小传应与之对应
全唐诗/poet.*.json	崔覲		唐宋同名作者	唐 8 首 / 宋 8 首	确认是同一人（五代入宋等）还是同名异人；两部分作者表各自的小传应与之对应
全唐诗/poet.*.json	王易簡		唐宋同名作者	唐 1 首 / 宋 14 首	确认是同一人（五代入宋等）还是同名异人；两部分作者表各自的小传应与之对应
全唐诗/poet.*.json	楊發		唐宋同名作者	唐 14 首 / 宋 1 首	确认是同一人（五代入宋等）还是同名异人；两部分作者表各自的小传应与之对应
全唐诗/poet.*.json	卞震		唐宋同名作者	唐 6 首 / 宋 9 首	确认是同一人（五代入宋等）还是同名异人；两部分作者表各自的小传应与之对应
全唐诗/poet.*.json	陶穀		唐宋同名作者	唐 7 首 / 宋 7 首	确认是同一人（五代入宋等）还是同名异人；两部分作者表各自的小传应与之对应
全唐诗/poet.*.json	張登		唐宋同名作者	唐 10 首 / 宋 4 首	确认是同一人（五代入宋等）还是同名异人；两部分作者表各自的小传应与之对应
全唐诗/poet.*.json	王元		唐宋同名作者	唐 7 首 / 宋 7 首	确认是同一人（五代入宋等）还是同名异人；两部分作者表各自的小传应与之对应
全唐诗/poet.*.json	陳翊		唐宋同名作者	唐 7 首 / 宋 7 首	确认是同一人（五代入宋等）还是同名异人；两部分作者表各自的小传应与之对应
全唐诗/poet.*.json	張諤		唐宋同名作者	唐 13 首 / 宋 1 首	确认是同一人（五代入宋等）还是同名异人；两部分作者表各自的小传应与之对应
全唐诗/poet.*.json	李觀		唐宋同名作者	唐 4 首 / 宋 9 首	确认是同一人（五代入宋等）还是同名异人；两部分作者表各自的小传应与之对应
全唐诗/poet.*.json	錢惟治		唐宋同名作者	唐 7 首 / 宋 6 首	确认是同一人（五代入宋等）还是同名异人；两部分作者表各自的小传应与之对应
全唐诗/poet.*.json	王叡		唐宋同名作者	唐 12 首 / 宋 1 首	确认是同一人（五代入宋等）还是同名异人；两部分作者表各自的小传应与之对应
全唐诗/poet.*.json	陳翥		唐宋同名作者	唐 3 首 / 宋 10 首	确认是同一人（五代入宋等）还是同名异人；两部分作者表各自的小传应与之对应
全唐诗/poet.*.json	湯悅		唐宋同名作者	唐 6 首 / 宋 6 首	确认是同一人（五代入宋等）还是同名异人；两部分作者表各自的小传应与之对应
全唐诗/poet.*.json	陳存		唐宋同名作者	唐 6 首 / 宋 6 首	确认是同一人（五代入宋等）还是同名异人；两部分作者表各自的小传应与之对应
全唐诗/poet.*.json	陳嘉言		唐宋同名作者	唐 3 首 / 宋 9 首	确认是同一人（五代入宋等）还是同名异人；两部分作者表各自的小传应与之对应
全唐诗/poet.*.json	李揆		唐宋同名作者	唐 4 首 / 宋 8 首	确认是同一人（五代入宋等）还是同名异人；两部分作者表各自的小传应与之对应
全唐诗/poet.*.json	張琰		唐宋同名作者	唐 6 首 / 宋 5 首	确认是同一人（五代入宋等）还是同名异人；两部分作者表各自的小传应与之对应
全唐诗/poet.*.json	劉孝孫		唐宋同名作者	唐 7 首 / 宋 3 首	确认是同一人（五代入宋等）还是同名异人；两部分作者表各自的小传应与之对应
全唐诗/poet.*.json	王溥		唐宋同名作者	唐 5 首 / 宋 5 首	确认是同一人（五代入宋等）还是同名异人；两部分作者表各自的小传应与之对应
全唐诗/poet.*.json	張齊賢		唐宋同名作者	唐 2 首 / 宋 8 首	确认是同一人（五代入宋等）还是同名异人；两部分作者表各自的小传应与之对应
全唐诗/poet.*.json	錢熙		唐宋同名作者	唐 4 首 / 宋 6 首	确认是同一人（五代入宋等）还是同名异人；两部分作者表各自的小传应与之对应
全唐诗/poet.*.json	朱貞白		唐宋同名作者	唐 2 首 / 宋 8 首	确认是同一人（五代入宋等）还是同名异人；两部分作者表各自的小传应与之对应
全唐诗/poet.*.json	胡君防		唐宋同名作者	唐 4 首 / 宋 5 首	确认是同一人（五代入宋等）还是同名异人；两部分作者表各自的小传应与之对应
全唐诗/poet.*.json	王駕		唐宋同名作者	唐 8 首 / 宋 1 首	确认是同一人（五代入宋等）还是同名异人；两部分作者表各自的小传应与之对应
全唐诗/poet.*.json	周濆		唐宋同名作者	唐 5 首 / 宋 4 首	确认是同一人（五代入宋等）还是同名异人；两部分作者表各自的小传应与之对应
全唐诗/poet.*.json	嚴武		唐宋同名作者	唐 7 首 / 宋 2 首	确认是同一人（五代入宋等）还是同名异人；两部分作者表各自的小传应与之对应
全唐诗/poet.*.json	王觀		唐宋同名作者	唐 1 首 / 宋 8 首	确认是同一人（五代入宋等）还是同名异人；两部分作者表各自的小传应与之对应
全唐诗/poet.*.json	李浩		唐宋同名作者	唐 4 首 / 宋 5 首	确认是同一人（五代入宋等）还是同名异人；两部分作者表各自的小传应与之对应
全唐诗/poet.*.json	姚揆		唐宋同名作者	唐 7 首 / 宋 2 首	确认是同一人（五代入宋等）还是同名异人；两部分作者表各自的小传应与之对应
全唐诗/poet.*.json	陳光		唐宋同名作者	唐 7 首 / 宋 1 首	确认是同一人（五代入宋等）还是同名异人；两部分作者表各自的小传应与之对应
全唐诗/poet.*.json	周渭		唐宋同名作者	唐 5 首 / 宋 3 首	确认是同一人（五代入宋等）还是同名异人；两部分作者表各自的小传应与之对应
全唐诗/poet.*.json	李深		唐宋同名作者	唐 4 首 / 宋 4 首	确认是同一人（五代入宋等）还是同名异人；两部分作者表各自的小传应与之对应
全唐诗/poet.*.json	王益		唐宋同名作者	唐 1 首 / 宋 7 首	确认是同一人（五代入宋等）还是同名异人；两部分作者表各自的小传应与之对应
全唐诗/poet.*.json	王正己		唐宋同名作者	唐 5 首 / 宋 3 首	确认是同一人（五代入宋等）还是同名异人；两部分作者表各自的小传应与之对应
全唐诗/poet.*.json	鄭損		唐宋同名作者	唐 6 首 / 宋 2 首	确认是同一人（五代入宋等）还是同名异人；两部分作者表各自的小传应与之对应
全唐诗/poet.*.json	滕白		唐宋同名作者	唐 2 首 / 宋 6 首	确认是同一人（五代入宋等）还是同名异人；两部分作者表各自的小传应与之对应
全唐诗/poet.*.json	范質		唐宋同名作者	唐 6 首 / 宋 2 首	确认是同一人（五代入宋等）还是同名异人；两部分作者表各自的小传应与之对应
全唐诗/poet.*.json	張氏		唐宋同名作者	唐 2 首 / 宋 6 首	确认是同一人（五代入宋等）还是同名异人；两部分作者表各自的小传应与之对应
全唐诗/poet.*.json	杜常		唐宋同名作者	唐 2 首 / 宋 5 首	确认是同一人（五代入宋等）还是同名异人；两部分作者表各自的小传应与之对应
全唐诗/poet.*.json	錢昱		唐宋同名作者	唐 4 首 / 宋 3 首	确认是同一人（五代入宋等）还是同名异人；两部分作者表各自的小传应与之对应
全唐诗/poet.*.json	徐泳		唐宋同名作者	唐 1 首 / 宋 6 首	确认是同一人（五代入宋等）还是同名异人；两部分作者表各自的小传应与之对应
全唐诗/poet.*.json	陳嶠		唐宋同名作者	唐 3 首 / 宋 4 首	确认是同一人（五代入宋等）还是同名异人；两部分作者表各自的小传应与之对应
全唐诗/poet.*.json	李渤		唐宋同名作者	唐 5 首 / 宋 2 首	确认是同一人（五代入宋等）还是同名异人；两部分作者表各自的小传应与之对应
全唐诗/poet.*.json	張夫人		唐宋同名作者	唐 6 首 / 宋 1 首	确认是同一人（五代入宋等）还是同名异人；两部分作者表各自的小传应与之对应
全唐诗/poet.*.json	張洎		唐宋同名作者	唐 2 首 / 宋 5 首	确认是同一人（五代入宋等）还是同名异人；两部分作者表各自的小传应与之对应
全唐诗/poet.*.json	王氏		唐宋同名作者	唐 1 首 / 宋 6 首	确认是同一人（五代入宋等）还是同名异人；两部分作者表各自的小传应与之对应
全唐诗/poet.*.json	張紘		唐宋同名作者	唐 4 首 / 宋 2 首	确认是同一人（五代入宋等）还是同名异人；两部分作者表各自的小传应与之对应
全唐诗/poet.*.json	馮伉		唐宋同名作者	唐 4 首 / 宋 2 首	确认是同一人（五代入宋等）还是同名异人；两部分作者表各自的小传应与之对应
全唐诗/poet.*.json	高邁		唐宋同名作者	唐 1 首 / 宋 5 首	确认是同一人（五代入宋等）还是同名异人；两部分作者表各自的小传应与之对应
全唐诗/poet.*.json	蘇渙		唐宋同名作者	唐 4 首 / 宋 2 首	确认是同一人（五代入宋等）还是同名异人；两部分作者表各自的小传应与之对应
全唐诗/poet.*.json	李回		唐宋同名作者	唐 4 首 / 宋 2 首	确认是同一人（五代入宋等）还是同名异人；两部分作者表各自的小传应与之对应
全唐诗/poet.*.json	張孜		唐宋同名作者	唐 5 首 / 宋 1 首	确认是同一人（五代入宋等）还是同名异人；两部分作者表各自的小传应与之对应
全唐诗/poet.*.json	鄭居中		唐宋同名作者	唐 1 首 / 宋 5 首	确认是同一人（五代入宋等）还是同名异人；两部分作者表各自的小传应与之对应
全唐诗/poet.*.json	李愿		唐宋同名作者	唐 4 首 / 宋 2 首	确认是同一人（五代入宋等）还是同名异人；两部分作者表各自的小传应与之对应
全唐诗/poet.*.json	徐珩		唐宋同名作者	唐 1 首 / 宋 5 首	确认是同一人（五代入宋等）还是同名异人；两部分作者表各自的小传应与之对应
全唐诗/poet.*.json	王鐸		唐宋同名作者	唐 5 首 / 宋 1 首	确认是同一人（五代入宋等）还是同名异人；两部分作者表各自的小传应与之对应
全唐诗/poet.*.json	樂史		唐宋同名作者	唐 1 首 / 宋 5 首	确认是同一人（五代入宋等）还是同名异人；两部分作者表各自的小传应与之对应
全唐诗/poet.*.json	劉洞		唐宋同名作者	唐 2 首 / 宋 4 首	确认是同一人（五代入宋等）还是同名异人；两部分作者表各自的小传应与之对应
全唐诗/poet.*.json	李簡		唐宋同名作者	唐 1 首 / 宋 5 首	确认是同一人（五代入宋等）还是同名异人；两部分作者表各自的小传应与之对应
全唐诗/poet.*.json	吳資		唐宋同名作者	唐 3 首 / 宋 3 首	确认是同一人（五代入宋等）还是同名异人；两部分作者表各自的小传应与之对应
全唐诗/poet.*.json	李琪		唐宋同名作者	唐 4 首 / 宋 2 首	确认是同一人（五代入宋等）还是同名异人；两部分作者表各自的小传应与之对应
全唐诗/poet.*.json	張固		唐宋同名作者	唐 4 首 / 宋 1 首	确认是同一人（五代入宋等）还是同名异人；两部分作者表各自的小传应与之对应
全唐诗/poet.*.json	林傑		唐宋同名作者	唐 3 首 / 宋 2 首	确认是同一人（五代入宋等）还是同名异人；两部分作者表各自的小传应与之对应
全唐诗/poet.*.json	袁瓘		唐宋同名作者	唐 2 首 / 宋 3 首	确认是同一人（五代入宋等）还是同名异人；两部分作者表各自的小传应与之对应
全唐诗/poet.*.json	伍彬		唐宋同名作者	唐 2 首 / 宋 3 首	确认是同一人（五代入宋等）还是同名异人；两部分作者表各自的小传应与之对应
全唐诗/poet.*.json	郭思		唐宋同名作者	唐 1 首 / 宋 4 首	确认是同一人（五代入宋等）还是同名异人；两部分作者表各自的小传应与之对应
全唐诗/poet.*.json	王滌		唐宋同名作者	唐 2 首 / 宋 3 首	确认是同一人（五代入宋等）还是同名异人；两部分作者表各自的小传应与之对应
全唐诗/poet.*.json	劉吉		唐宋同名作者	唐 2 首 / 宋 2 首	确认是同一人（五代入宋等）还是同名异人；两部分作者表各自的小传应与之对应
全唐诗/poet.*.json	李韶		唐宋同名作者	唐 1 首 / 宋 3 首	确认是同一人（五代入宋等）还是同名异人；两部分作者表各自的小传应与之对应
全唐诗/poet.*.json	盧郢		唐宋同名作者	唐 2 首 / 宋 2 首	确认是同一人（五代入宋等）还是同名异人；两部分作者表各自的小传应与之对应
全唐诗/poet.*.json	孟嘏		唐宋同名作者	唐 2 首 / 宋 2 首	确认是同一人（五代入宋等）还是同名异人；两部分作者表各自的小传应与之对应
全唐诗/poet.*.json	楊氏		唐宋同名作者	唐 1 首 / 宋 3 首	确认是同一人（五代入宋等）还是同名异人；两部分作者表各自的小传应与之对应
全唐诗/poet.*.json	吳武陵		唐宋同名作者	唐 3 首 / 宋 1 首	确认是同一人（五代入宋等）还是同名异人；两部分作者表各自的小传应与之对应
全唐诗/poet.*.json	竇儀		唐宋同名作者	唐 2 首 / 宋 2 首	确认是同一人（五代入宋等）还是同名异人；两部分作者表各自的小传应与之对应
全唐诗/poet.*.json	孫氏		唐宋同名作者	唐 3 首 / 宋 1 首	确认是同一人（五代入宋等）还是同名异人；两部分作者表各自的小传应与之对应
全唐诗/poet.*.json	李榮		唐宋同名作者	唐 3 首 / 宋 1 首	确认是同一人（五代入宋等）还是同名异人；两部分作者表各自的小传应与之对应
全唐诗/poet.*.json	王宏		唐宋同名作者	唐 1 首 / 宋 3 首	确认是同一人（五代入宋等）还是同名异人；两部分作者表各自的小传应与之对应
全唐诗/poet.*.json	李思聰		唐宋同名作者	唐 1 首 / 宋 3 首	确认是同一人（五代入宋等）还是同名异人；两部分作者表各自的小传应与之对应
全唐诗/poet.*.json	李章		唐宋同名作者	唐 2 首 / 宋 2 首	确认是同一人（五代入宋等）还是同名异人；两部分作者表各自的小传应与之对应
全唐诗/poet.*.json	石仲元		唐宋同名作者	唐 1 首 / 宋 3 首	确认是同一人（五代入宋等）还是同名异人；两部分作者表各自的小传应与之对应
全唐诗/poet.*.json	鄭常		唐宋同名作者	唐 3 首 / 宋 1 首	确认是同一人（五代入宋等）还是同名异人；两部分作者表各自的小传应与之对应
全唐诗/poet.*.json	方澤		唐宋同名作者	唐 1 首 / 宋 3 首	确认是同一人（五代入宋等）还是同名异人；两部分作者表各自的小传应与之对应
全唐诗/poet.*.json	王緯		唐宋同名作者	唐 2 首 / 宋 1 首	确认是同一人（五代入宋等）还是同名异人；两部分作者表各自的小传应与之对应
全唐诗/poet.*.json	高元矩		唐宋同名作者	唐 1 首 / 宋 2 首	确认是同一人（五代入宋等）还是同名异人；两部分作者表各自的小传应与之对应
全唐诗/poet.*.json	張軫		唐宋同名作者	唐 1 首 / 宋 2 首	确认是同一人（五代入宋等）还是同名异人；两部分作者表各自的小传应与之对应
全唐诗/poet.*.json	李賓		唐宋同名作者	唐 2 首 / 宋 1 首	确认是同一人（五代入宋等）还是同名异人；两部分作者表各自的小传应与之对应
全唐诗/poet.*.json	駱仲舒		唐宋同名作者	唐 2 首 / 宋 1 首	确认是同一人（五代入宋等）还是同名异人；两部分作者表各自的小传应与之对应
全唐诗/poet.*.json	何承裕		唐宋同名作者	唐 1 首 / 宋 2 首	确认是同一人（五代入宋等）还是同名异人；两部分作者表各自的小传应与之对应
全唐诗/poet.*.json	曹文姬		唐宋同名作者	唐 1 首 / 宋 2 首	确认是同一人（五代入宋等）还是同名异人；两部分作者表各自的小传应与之对应
全唐诗/poet.*.json	劉章		唐宋同名作者	唐 1 首 / 宋 2 首	确认是同一人（五代入宋等）还是同名异人；两部分作者表各自的小传应与之对应
全唐诗/poet.*.json	蔡崑		唐宋同名作者	唐 2 首 / 宋 1 首	确认是同一人（五代入宋等）还是同名异人；两部分作者表各自的小传应与之对应
全唐诗/poet.*.json	薛昌朝		唐宋同名作者	唐 2 首 / 宋 1 首	确认是同一人（五代入宋等）还是同名异人；两部分作者表各自的小传应与之对应
全唐诗/poet.*.json	李善美		唐宋同名作者	唐 1 首 / 宋 2 首	确认是同一人（五代入宋等）还是同名异人；两部分作者表各自的小传应与之对应
全唐诗/poet.*.json	王揆		唐宋同名作者	唐 1 首 / 宋 2 首	确认是同一人（五代入宋等）还是同名异人；两部分作者表各自的小传应与之对应
全唐诗/poet.*.json	陳昌言		唐宋同名作者	唐 2 首 / 宋 1 首	确认是同一人（五代入宋等）还是同名异人；两部分作者表各自的小传应与之对应
全唐诗/poet.*.json	張偁		唐宋同名作者	唐 1 首 / 宋 2 首	确认是同一人（五代入宋等）还是同名异人；两部分作者表各自的小传应与之对应
全唐诗/poet.*.json	任生		唐宋同名作者	唐 2 首 / 宋 1 首	确认是同一人（五代入宋等）还是同名异人；两部分作者表各自的小传应与之对应
全唐诗/poet.*.json	李瓘		唐宋同名作者	唐 1 首 / 宋 2 首	确认是同一人（五代入宋等）还是同名异人；两部分作者表各自的小传应与之对应
全唐诗/poet.*.json	陳充		唐宋同名作者	唐 1 首 / 宋 2 首	确认是同一人（五代入宋等）还是同名异人；两部分作者表各自的小传应与之对应
全唐诗/poet.*.json	胡幽貞		唐宋同名作者	唐 2 首 / 宋 1 首	确认是同一人（五代入宋等）还是同名异人；两部分作者表各自的小传应与之对应
全唐诗/poet.*.json	楊潛		唐宋同名作者	唐 1 首 / 宋 2 首	确认是同一人（五代入宋等）还是同名异人；两部分作者表各自的小传应与之对应
全唐诗/poet.*.json	張觀		唐宋同名作者	唐 1 首 / 宋 2 首	确认是同一人（五代入宋等）还是同名异人；两部分作者表各自的小传应与之对应
全唐诗/poet.*.json	王俊		唐宋同名作者	唐 1 首 / 宋 2 首	确认是同一人（五代入宋等）还是同名异人；两部分作者表各自的小传应与之对应
全唐诗/poet.*.json	李巖		唐宋同名作者	唐 1 首 / 宋 2 首	确认是同一人（五代入宋等）还是同名异人；两部分作者表各自的小传应与之对应
全唐诗/poet.*.json	朱褒		唐宋同名作者	唐 1 首 / 宋 2 首	确认是同一人（五代入宋等）还是同名异人；两部分作者表各自的小传应与之对应
全唐诗/poet.*.json	何蒙		唐宋同名作者	唐 1 首 / 宋 2 首	确认是同一人（五代入宋等）还是同名异人；两部分作者表各自的小传应与之对应
全唐诗/poet.*.json	張復		唐宋同名作者	唐 1 首 / 宋 2 首	确认是同一人（五代入宋等）还是同名异人；两部分作者表各自的小传应与之对应
全唐诗/poet.*.json	楊昭儉		唐宋同名作者	唐 1 首 / 宋 2 首	确认是同一人（五代入宋等）还是同名异人；两部分作者表各自的小传应与之对应
全唐诗/poet.*.json	李夔		唐宋同名作者	唐 1 首 / 宋 2 首	确认是同一人（五代入宋等）还是同名异人；两部分作者表各自的小传应与之对应
全唐诗/poet.*.json	任玠		唐宋同名作者	唐 1 首 / 宋 2 首	确认是同一人（五代入宋等）还是同名异人；两部分作者表各自的小传应与之对应
全唐诗/poet.*.json	李度		唐宋同名作者	唐 1 首 / 宋 2 首	确认是同一人（五代入宋等）还是同名异人；两部分作者表各自的小传应与之对应
全唐诗/poet.*.json	舒道紀		唐宋同名作者	唐 2 首 / 宋 1 首	确认是同一人（五代入宋等）还是同名异人；两部分作者表各自的小传应与之对应
全唐诗/poet.*.json	徐融		唐宋同名作者	唐 1 首 / 宋 2 首	确认是同一人（五代入宋等）还是同名异人；两部分作者表各自的小传应与之对应
全唐诗/poet.*.json	李潛		唐宋同名作者	唐 1 首 / 宋 2 首	确认是同一人（五代入宋等）还是同名异人；两部分作者表各自的小传应与之对应
全唐诗/poet.*.json	李褒		唐宋同名作者	唐 2 首 / 宋 1 首	确认是同一人（五代入宋等）还是同名异人；两部分作者表各自的小传应与之对应
全唐诗/poet.*.json	豐禪師		唐宋同名作者	唐 1 首 / 宋 2 首	确认是同一人（五代入宋等）还是同名异人；两部分作者表各自的小传应与之对应
全唐诗/poet.*.json	曾弼		唐宋同名作者	唐 2 首 / 宋 1 首	确认是同一人（五代入宋等）还是同名异人；两部分作者表各自的小传应与之对应
全唐诗/poet.*.json	羅穎		唐宋同名作者	唐 1 首 / 宋 1 首	确认是同一人（五代入宋等）还是同名异人；两部分作者表各自的小传应与之对应
全唐诗/poet.*.json	魏萬		唐宋同名作者	唐 1 首 / 宋 1 首	确认是同一人（五代入宋等）还是同名异人；两部分作者表各自的小传应与之对应
全唐诗/poet.*.json	胥偃		唐宋同名作者	唐 1 首 / 宋 1 首	确认是同一人（五代入宋等）还是同名异人；两部分作者表各自的小传应与之对应
全唐诗/poet.*.json	竇裕		唐宋同名作者	唐 1 首 / 宋 1 首	确认是同一人（五代入宋等）还是同名异人；两部分作者表各自的小传应与之对应
全唐诗/poet.*.json	周仲美		唐宋同名作者	唐 1 首 / 宋 1 首	确认是同一人（五代入宋等）还是同名异人；两部分作者表各自的小传应与之对应
全唐诗/poet.*.json	張漸		唐宋同名作者	唐 1 首 / 宋 1 首	确认是同一人（五代入宋等）还是同名异人；两部分作者表各自的小传应与之对应
全唐诗/poet.*.json	梁藻		唐宋同名作者	唐 1 首 / 宋 1 首	确认是同一人（五代入宋等）还是同名异人；两部分作者表各自的小传应与之对应
全唐诗/poet.*.json	孫緯		唐宋同名作者	唐 1 首 / 宋 1 首	确认是同一人（五代入宋等）还是同名异人；两部分作者表各自的小传应与之对应
全唐诗/poet.*.json	王處厚		唐宋同名作者	唐 1 首 / 宋 1 首	确认是同一人（五代入宋等）还是同名异人；两部分作者表各自的小传应与之对应
全唐诗/poet.*.json	王公亮		唐宋同名作者	唐 1 首 / 宋 1 首	确认是同一人（五代入宋等）还是同名异人；两部分作者表各自的小传应与之对应
全唐诗/poet.*.json	韋謙		唐宋同名作者	唐 1 首 / 宋 1 首	确认是同一人（五代入宋等）还是同名异人；两部分作者表各自的小传应与之对应
全唐诗/poet.*.json	邵拙		唐宋同名作者	唐 1 首 / 宋 1 首	确认是同一人（五代入宋等）还是同名异人；两部分作者表各自的小传应与之对应
全唐诗/poet.*.json	令狐挺		唐宋同名作者	唐 1 首 / 宋 1 首	确认是同一人（五代入宋等）还是同名异人；两部分作者表各自的小传应与之对应
全唐诗/poet.*.json	趙自然		唐宋同名作者	唐 1 首 / 宋 1 首	确认是同一人（五代入宋等）还是同名异人；两部分作者表各自的小传应与之对应
全唐诗/poet.*.json	竇儼		唐宋同名作者	唐 1 首 / 宋 1 首	确认是同一人（五代入宋等）还是同名异人；两部分作者表各自的小传应与之对应
全唐诗/poet.*.json	麻溫其		唐宋同名作者	唐 1 首 / 宋 1 首	确认是同一人（五代入宋等）还是同名异人；两部分作者表各自的小传应与之对应
全唐诗/poet.*.json	李壽朋		唐宋同名作者	唐 1 首 / 宋 1 首	确认是同一人（五代入宋等）还是同名异人；两部分作者表各自的小传应与之对应
全唐诗/poet.*.json	李鵬		唐宋同名作者	唐 1 首 / 宋 1 首	确认是同一人（五代入宋等）还是同名异人；两部分作者表各自的小传应与之对应
全唐诗/poet.*.json	于觀文		唐宋同名作者	唐 1 首 / 宋 1 首	确认是同一人（五代入宋等）还是同名异人；两部分作者表各自的小传应与之对应
全唐诗/poet.*.json	周鏞		唐宋同名作者	唐 1 首 / 宋 1 首	确认是同一人（五代入宋等）还是同名异人；两部分作者表各自的小传应与之对应
全唐诗/poet.*.json	陳誼		唐宋同名作者	唐 1 首 / 宋 1 首	确认是同一人（五代入宋等）还是同名异人；两部分作者表各自的小传应与之对应
全唐诗/poet.*.json	馬致恭		唐宋同名作者	唐 1 首 / 宋 1 首	确认是同一人（五代入宋等）还是同名异人；两部分作者表各自的小传应与之对应
全唐诗/poet.*.json	趙慶		唐宋同名作者	唐 1 首 / 宋 1 首	确认是同一人（五代入宋等）还是同名异人；两部分作者表各自的小传应与之对应
全唐诗/poet.*.json	楊文郁		唐宋同名作者	唐 1 首 / 宋 1 首	确认是同一人（五代入宋等）还是同名异人；两部分作者表各自的小传应与之对应
全唐诗/poet.*.json	范崇		唐宋同名作者	唐 1 首 / 宋 1 首	确认是同一人（五代入宋等）还是同名异人；两部分作者表各自的小传应与之对应
全唐诗/poet.*.json	清遠居士		唐宋同名作者	唐 1 首 / 宋 1 首	确认是同一人（五代入宋等）还是同名异人；两部分作者表各自的小传应与之对应
全唐诗/poet.*.json	段穀		唐宋同名作者	唐 1 首 / 宋 1 首	确认是同一人（五代入宋等）还是同名异人；两部分作者表各自的小传应与之对应
全唐诗/poet.*.json	安鴻漸		唐宋同名作者	唐 1 首 / 宋 1 首	确认是同一人（五代入宋等）还是同名异人；两部分作者表各自的小传应与之对应
全唐诗/poet.*.json	文喜		唐宋同名作者	唐 1 首 / 宋 1 首	确认是同一人（五代入宋等）还是同名异人；两部分作者表各自的小传应与之对应
全唐诗/poet.*.json	王肱		唐宋同名作者	唐 1 首 / 宋 1 首	确认是同一人（五代入宋等）还是同名异人；两部分作者表各自的小传应与之对应
全唐诗/poet.*.json	劉元載妻		唐宋同名作者	唐 1 首 / 宋 1 首	确认是同一人（五代入宋等）还是同名异人；两部分作者表各自的小传应与之对应
全唐诗/poet.*.json	劉濟		唐宋同名作者	唐 1 首 / 宋 1 首	确认是同一人（五代入宋等）还是同名异人；两部分作者表各自的小传应与之对应
全唐诗/poet.*.json	吳秘		唐宋同名作者	唐 1 首 / 宋 1 首	确认是同一人（五代入宋等）还是同名异人；两部分作者表各自的小传应与之对应
全唐诗/poet.*.json	胡權		唐宋同名作者	唐 1 首 / 宋 1 首	确认是同一人（五代入宋等）还是同名异人；两部分作者表各自的小传应与之对应
全唐诗/poet.*.json	勾令玄		唐宋同名作者	唐 1 首 / 宋 1 首	确认是同一人（五代入宋等）还是同名异人；两部分作者表各自的小传应与之对应
全唐诗/poet.*.json	天目僧		唐宋同名作者	唐 1 首 / 宋 1 首	确认是同一人（五代入宋等）还是同名异人；两部分作者表各自的小传应与之对应
全唐诗/poet.*.json	徐釣者		唐宋同名作者	唐 1 首 / 宋 1 首	确认是同一人（五代入宋等）还是同名异人；两部分作者表各自的小传应与之对应
全唐诗/poet.*.json	蕭闢		唐宋同名作者	唐 1 首 / 宋 1 首	确认是同一人（五代入宋等）还是同名异人；两部分作者表各自的小传应与之对应
全唐诗/poet.*.json	郭廷謂		唐宋同名作者	唐 1 首 / 宋 1 首	确认是同一人（五代入宋等）还是同名异人；两部分作者表各自的小传应与之对应
全唐诗/poet.*.json	孟安序		唐宋同名作者	唐 1 首 / 宋 1 首	确认是同一人（五代入宋等）还是同名异人；两部分作者表各自的小传应与之对应
全唐诗/poet.*.json	史瑜		唐宋同名作者	唐 1 首 / 宋 1 首	确认是同一人（五代入宋等）还是同名异人；两部分作者表各自的小传应与之对应
全唐诗/poet.*.json	李京		唐宋同名作者	唐 1 首 / 宋 1 首	确认是同一人（五代入宋等）还是同名异人；两部分作者表各自的小传应与之对应
全唐诗/poet.*.json	侯氏		唐宋同名作者	唐 1 首 / 宋 1 首	确认是同一人（五代入宋等）还是同名异人；两部分作者表各自的小传应与之对应
全唐诗/poet.*.json	李咸		唐宋同名作者	唐 1 首 / 宋 1 首	确认是同一人（五代入宋等）还是同名异人；两部分作者表各自的小传应与之对应
全唐诗/poet.*.json	楊損		唐宋同名作者	唐 1 首 / 宋 1 首	确认是同一人（五代入宋等）还是同名异人；两部分作者表各自的小传应与之对应
全唐诗/poet.*.json	裴極		唐宋同名作者	唐 1 首 / 宋 1 首	确认是同一人（五代入宋等）还是同名异人；两部分作者表各自的小传应与之对应
全唐诗/poet.*.json	查元方		唐宋同名作者	唐 1 首 / 宋 1 首	确认是同一人（五代入宋等）还是同名异人；两部分作者表各自的小传应与之对应
全唐诗/poet.*.json	李明		唐宋同名作者	唐 1 首 / 宋 1 首	确认是同一人（五代入宋等）还是同名异人；两部分作者表各自的小传应与之对应
全唐诗/poet.*.json	鄧洵美		唐宋同名作者	唐 1 首 / 宋 1 首	确认是同一人（五代入宋等）还是同名异人；两部分作者表各自的小传应与之对应
全唐诗/poet.*.json	王景		唐宋同名作者	唐 1 首 / 宋 1 首	确认是同一人（五代入宋等）还是同名异人；两部分作者表各自的小传应与之对应
全唐诗/poet.*.json	襄陽妓		唐宋同名作者	唐 1 首 / 宋 1 首	确认是同一人（五代入宋等）还是同名异人；两部分作者表各自的小传应与之对应
全唐诗/poet.*.json	村寺僧		唐宋同名作者	唐 1 首 / 宋 1 首	确认是同一人（五代入宋等）还是同名异人；两部分作者表各自的小传应与之对应
全唐诗/poet.*.json	吳黔		唐宋同名作者	唐 1 首 / 宋 1 首	确认是同一人（五代入宋等）还是同名异人；两部分作者表各自的小传应与之对应
全唐诗/poet.*.json	周□		唐宋同名作者	唐 1 首 / 宋 1 首	确认是同一人（五代入宋等）还是同名异人；两部分作者表各自的小传应与之对应
全唐诗/poet.*.json	劉炎		唐宋同名作者	唐 1 首 / 宋 1 首	确认是同一人（五代入宋等）还是同名异人；两部分作者表各自的小传应与之对应
全唐诗/poet.*.json	符昭遠		唐宋同名作者	唐 1 首 / 宋 1 首	确认是同一人（五代入宋等）还是同名异人；两部分作者表各自的小传应与之对应
